ticker,form,year,ext,accno,path
AAPL,10-K,2024,html,0000320193-24-000123,data\raw_reports\standard\US_AAPL_2024_10-K_0000320193-24-000123.html
AAPL,10-K,2024,xml,0000320193-24-000123_aapl-20240928_cal,data\raw_reports\standard\US_AAPL_2024_10-K_0000320193-24-000123_aapl-20240928_cal.xml
AAPL,10-K,2024,xml,0000320193-24-000123_aapl-20240928_def,data\raw_reports\standard\US_AAPL_2024_10-K_0000320193-24-000123_aapl-20240928_def.xml
AAPL,10-K,2024,xml,0000320193-24-000123_aapl-20240928_htm,data\raw_reports\standard\US_AAPL_2024_10-K_0000320193-24-000123_aapl-20240928_htm.xml
AAPL,10-K,2024,xml,0000320193-24-000123_aapl-20240928_lab,data\raw_reports\standard\US_AAPL_2024_10-K_0000320193-24-000123_aapl-20240928_lab.xml
AAPL,10-K,2024,xml,0000320193-24-000123_aapl-20240928_pre,data\raw_reports\standard\US_AAPL_2024_10-K_0000320193-24-000123_aapl-20240928_pre.xml
AAPL,10-K,2023,html,0000320193-23-000106,data\raw_reports\standard\US_AAPL_2023_10-K_0000320193-23-000106.html
AAPL,10-K,2023,xml,0000320193-23-000106_aapl-20230930_cal,data\raw_reports\standard\US_AAPL_2023_10-K_0000320193-23-000106_aapl-20230930_cal.xml
AAPL,10-K,2023,xml,0000320193-23-000106_aapl-20230930_def,data\raw_reports\standard\US_AAPL_2023_10-K_0000320193-23-000106_aapl-20230930_def.xml
AAPL,10-K,2023,xml,0000320193-23-000106_aapl-20230930_htm,data\raw_reports\standard\US_AAPL_2023_10-K_0000320193-23-000106_aapl-20230930_htm.xml
AAPL,10-K,2023,xml,0000320193-23-000106_aapl-20230930_lab,data\raw_reports\standard\US_AAPL_2023_10-K_0000320193-23-000106_aapl-20230930_lab.xml
AAPL,10-K,2023,xml,0000320193-23-000106_aapl-20230930_pre,data\raw_reports\standard\US_AAPL_2023_10-K_0000320193-23-000106_aapl-20230930_pre.xml
AAPL,10-Q,2025,html,0000320193-25-000008,data\raw_reports\standard\US_AAPL_2025_10-Q_0000320193-25-000008.html
AAPL,10-Q,2025,xml,0000320193-25-000008_aapl-20241228_cal,data\raw_reports\standard\US_AAPL_2025_10-Q_0000320193-25-000008_aapl-20241228_cal.xml
AAPL,10-Q,2025,xml,0000320193-25-000008_aapl-20241228_def,data\raw_reports\standard\US_AAPL_2025_10-Q_0000320193-25-000008_aapl-20241228_def.xml
AAPL,10-Q,2025,xml,0000320193-25-000008_aapl-20241228_htm,data\raw_reports\standard\US_AAPL_2025_10-Q_0000320193-25-000008_aapl-20241228_htm.xml
AAPL,10-Q,2025,xml,0000320193-25-000008_aapl-20241228_lab,data\raw_reports\standard\US_AAPL_2025_10-Q_0000320193-25-000008_aapl-20241228_lab.xml
AAPL,10-Q,2025,xml,0000320193-25-000008_aapl-20241228_pre,data\raw_reports\standard\US_AAPL_2025_10-Q_0000320193-25-000008_aapl-20241228_pre.xml
AAPL,10-Q,2025,html,0000320193-25-000057,data\raw_reports\standard\US_AAPL_2025_10-Q_0000320193-25-000057.html
AAPL,10-Q,2025,xml,0000320193-25-000057_aapl-20250329_cal,data\raw_reports\standard\US_AAPL_2025_10-Q_0000320193-25-000057_aapl-20250329_cal.xml
AAPL,10-Q,2025,xml,0000320193-25-000057_aapl-20250329_def,data\raw_reports\standard\US_AAPL_2025_10-Q_0000320193-25-000057_aapl-20250329_def.xml
AAPL,10-Q,2025,xml,0000320193-25-000057_aapl-20250329_htm,data\raw_reports\standard\US_AAPL_2025_10-Q_0000320193-25-000057_aapl-20250329_htm.xml
AAPL,10-Q,2025,xml,0000320193-25-000057_aapl-20250329_lab,data\raw_reports\standard\US_AAPL_2025_10-Q_0000320193-25-000057_aapl-20250329_lab.xml
AAPL,10-Q,2025,xml,0000320193-25-000057_aapl-20250329_pre,data\raw_reports\standard\US_AAPL_2025_10-Q_0000320193-25-000057_aapl-20250329_pre.xml
AAPL,10-Q,2025,html,0000320193-25-000073,data\raw_reports\standard\US_AAPL_2025_10-Q_0000320193-25-000073.html
AAPL,10-Q,2025,xml,0000320193-25-000073_aapl-20250628_cal,data\raw_reports\standard\US_AAPL_2025_10-Q_0000320193-25-000073_aapl-20250628_cal.xml
AAPL,10-Q,2025,xml,0000320193-25-000073_aapl-20250628_def,data\raw_reports\standard\US_AAPL_2025_10-Q_0000320193-25-000073_aapl-20250628_def.xml
AAPL,10-Q,2025,xml,0000320193-25-000073_aapl-20250628_htm,data\raw_reports\standard\US_AAPL_2025_10-Q_0000320193-25-000073_aapl-20250628_htm.xml
AAPL,10-Q,2025,xml,0000320193-25-000073_aapl-20250628_lab,data\raw_reports\standard\US_AAPL_2025_10-Q_0000320193-25-000073_aapl-20250628_lab.xml
AAPL,10-Q,2025,xml,0000320193-25-000073_aapl-20250628_pre,data\raw_reports\standard\US_AAPL_2025_10-Q_0000320193-25-000073_aapl-20250628_pre.xml
AAPL,10-Q,2024,html,0000320193-24-000006,data\raw_reports\standard\US_AAPL_2024_10-Q_0000320193-24-000006.html
AAPL,10-Q,2024,xml,0000320193-24-000006_aapl-20231230_cal,data\raw_reports\standard\US_AAPL_2024_10-Q_0000320193-24-000006_aapl-20231230_cal.xml
AAPL,10-Q,2024,xml,0000320193-24-000006_aapl-20231230_def,data\raw_reports\standard\US_AAPL_2024_10-Q_0000320193-24-000006_aapl-20231230_def.xml
AAPL,10-Q,2024,xml,0000320193-24-000006_aapl-20231230_htm,data\raw_reports\standard\US_AAPL_2024_10-Q_0000320193-24-000006_aapl-20231230_htm.xml
AAPL,10-Q,2024,xml,0000320193-24-000006_aapl-20231230_lab,data\raw_reports\standard\US_AAPL_2024_10-Q_0000320193-24-000006_aapl-20231230_lab.xml
AAPL,10-Q,2024,xml,0000320193-24-000006_aapl-20231230_pre,data\raw_reports\standard\US_AAPL_2024_10-Q_0000320193-24-000006_aapl-20231230_pre.xml
AAPL,10-Q,2024,html,0000320193-24-000069,data\raw_reports\standard\US_AAPL_2024_10-Q_0000320193-24-000069.html
AAPL,10-Q,2024,xml,0000320193-24-000069_aapl-20240330_cal,data\raw_reports\standard\US_AAPL_2024_10-Q_0000320193-24-000069_aapl-20240330_cal.xml
AAPL,10-Q,2024,xml,0000320193-24-000069_aapl-20240330_def,data\raw_reports\standard\US_AAPL_2024_10-Q_0000320193-24-000069_aapl-20240330_def.xml
AAPL,10-Q,2024,xml,0000320193-24-000069_aapl-20240330_htm,data\raw_reports\standard\US_AAPL_2024_10-Q_0000320193-24-000069_aapl-20240330_htm.xml
AAPL,10-Q,2024,xml,0000320193-24-000069_aapl-20240330_lab,data\raw_reports\standard\US_AAPL_2024_10-Q_0000320193-24-000069_aapl-20240330_lab.xml
AAPL,10-Q,2024,xml,0000320193-24-000069_aapl-20240330_pre,data\raw_reports\standard\US_AAPL_2024_10-Q_0000320193-24-000069_aapl-20240330_pre.xml
AAPL,10-Q,2024,html,0000320193-24-000081,data\raw_reports\standard\US_AAPL_2024_10-Q_0000320193-24-000081.html
AAPL,10-Q,2024,xml,0000320193-24-000081_aapl-20240629_cal,data\raw_reports\standard\US_AAPL_2024_10-Q_0000320193-24-000081_aapl-20240629_cal.xml
AAPL,10-Q,2024,xml,0000320193-24-000081_aapl-20240629_def,data\raw_reports\standard\US_AAPL_2024_10-Q_0000320193-24-000081_aapl-20240629_def.xml
AAPL,10-Q,2024,xml,0000320193-24-000081_aapl-20240629_htm,data\raw_reports\standard\US_AAPL_2024_10-Q_0000320193-24-000081_aapl-20240629_htm.xml
AAPL,10-Q,2024,xml,0000320193-24-000081_aapl-20240629_lab,data\raw_reports\standard\US_AAPL_2024_10-Q_0000320193-24-000081_aapl-20240629_lab.xml
AAPL,10-Q,2024,xml,0000320193-24-000081_aapl-20240629_pre,data\raw_reports\standard\US_AAPL_2024_10-Q_0000320193-24-000081_aapl-20240629_pre.xml
AAPL,10-Q,2023,html,0000320193-23-000006,data\raw_reports\standard\US_AAPL_2023_10-Q_0000320193-23-000006.html
AAPL,10-Q,2023,xml,0000320193-23-000006_aapl-20221231_cal,data\raw_reports\standard\US_AAPL_2023_10-Q_0000320193-23-000006_aapl-20221231_cal.xml
AAPL,10-Q,2023,xml,0000320193-23-000006_aapl-20221231_def,data\raw_reports\standard\US_AAPL_2023_10-Q_0000320193-23-000006_aapl-20221231_def.xml
AAPL,10-Q,2023,xml,0000320193-23-000006_aapl-20221231_htm,data\raw_reports\standard\US_AAPL_2023_10-Q_0000320193-23-000006_aapl-20221231_htm.xml
AAPL,10-Q,2023,xml,0000320193-23-000006_aapl-20221231_lab,data\raw_reports\standard\US_AAPL_2023_10-Q_0000320193-23-000006_aapl-20221231_lab.xml
AAPL,10-Q,2023,xml,0000320193-23-000006_aapl-20221231_pre,data\raw_reports\standard\US_AAPL_2023_10-Q_0000320193-23-000006_aapl-20221231_pre.xml
AAPL,10-Q,2023,html,0000320193-23-000064,data\raw_reports\standard\US_AAPL_2023_10-Q_0000320193-23-000064.html
AAPL,10-Q,2023,xml,0000320193-23-000064_aapl-20230401_cal,data\raw_reports\standard\US_AAPL_2023_10-Q_0000320193-23-000064_aapl-20230401_cal.xml
AAPL,10-Q,2023,xml,0000320193-23-000064_aapl-20230401_def,data\raw_reports\standard\US_AAPL_2023_10-Q_0000320193-23-000064_aapl-20230401_def.xml
AAPL,10-Q,2023,xml,0000320193-23-000064_aapl-20230401_htm,data\raw_reports\standard\US_AAPL_2023_10-Q_0000320193-23-000064_aapl-20230401_htm.xml
AAPL,10-Q,2023,xml,0000320193-23-000064_aapl-20230401_lab,data\raw_reports\standard\US_AAPL_2023_10-Q_0000320193-23-000064_aapl-20230401_lab.xml
AAPL,10-Q,2023,xml,0000320193-23-000064_aapl-20230401_pre,data\raw_reports\standard\US_AAPL_2023_10-Q_0000320193-23-000064_aapl-20230401_pre.xml
AAPL,10-Q,2023,html,0000320193-23-000077,data\raw_reports\standard\US_AAPL_2023_10-Q_0000320193-23-000077.html
AAPL,10-Q,2023,xml,0000320193-23-000077_aapl-20230701_cal,data\raw_reports\standard\US_AAPL_2023_10-Q_0000320193-23-000077_aapl-20230701_cal.xml
AAPL,10-Q,2023,xml,0000320193-23-000077_aapl-20230701_def,data\raw_reports\standard\US_AAPL_2023_10-Q_0000320193-23-000077_aapl-20230701_def.xml
AAPL,10-Q,2023,xml,0000320193-23-000077_aapl-20230701_htm,data\raw_reports\standard\US_AAPL_2023_10-Q_0000320193-23-000077_aapl-20230701_htm.xml
AAPL,10-Q,2023,xml,0000320193-23-000077_aapl-20230701_lab,data\raw_reports\standard\US_AAPL_2023_10-Q_0000320193-23-000077_aapl-20230701_lab.xml
AAPL,10-Q,2023,xml,0000320193-23-000077_aapl-20230701_pre,data\raw_reports\standard\US_AAPL_2023_10-Q_0000320193-23-000077_aapl-20230701_pre.xml
AMZN,10-K,2025,html,0001018724-25-000004,data\raw_reports\standard\US_AMZN_2025_10-K_0001018724-25-000004.html
AMZN,10-K,2025,xml,0001018724-25-000004_amzn-20241231_cal,data\raw_reports\standard\US_AMZN_2025_10-K_0001018724-25-000004_amzn-20241231_cal.xml
AMZN,10-K,2025,xml,0001018724-25-000004_amzn-20241231_def,data\raw_reports\standard\US_AMZN_2025_10-K_0001018724-25-000004_amzn-20241231_def.xml
AMZN,10-K,2025,xml,0001018724-25-000004_amzn-20241231_htm,data\raw_reports\standard\US_AMZN_2025_10-K_0001018724-25-000004_amzn-20241231_htm.xml
AMZN,10-K,2025,xml,0001018724-25-000004_amzn-20241231_lab,data\raw_reports\standard\US_AMZN_2025_10-K_0001018724-25-000004_amzn-20241231_lab.xml
AMZN,10-K,2025,xml,0001018724-25-000004_amzn-20241231_pre,data\raw_reports\standard\US_AMZN_2025_10-K_0001018724-25-000004_amzn-20241231_pre.xml
AMZN,10-K,2024,html,0001018724-24-000008,data\raw_reports\standard\US_AMZN_2024_10-K_0001018724-24-000008.html
AMZN,10-K,2024,xml,0001018724-24-000008_amzn-20231231_cal,data\raw_reports\standard\US_AMZN_2024_10-K_0001018724-24-000008_amzn-20231231_cal.xml
AMZN,10-K,2024,xml,0001018724-24-000008_amzn-20231231_def,data\raw_reports\standard\US_AMZN_2024_10-K_0001018724-24-000008_amzn-20231231_def.xml
AMZN,10-K,2024,xml,0001018724-24-000008_amzn-20231231_htm,data\raw_reports\standard\US_AMZN_2024_10-K_0001018724-24-000008_amzn-20231231_htm.xml
AMZN,10-K,2024,xml,0001018724-24-000008_amzn-20231231_lab,data\raw_reports\standard\US_AMZN_2024_10-K_0001018724-24-000008_amzn-20231231_lab.xml
AMZN,10-K,2024,xml,0001018724-24-000008_amzn-20231231_pre,data\raw_reports\standard\US_AMZN_2024_10-K_0001018724-24-000008_amzn-20231231_pre.xml
AMZN,10-K,2023,html,0001018724-23-000004,data\raw_reports\standard\US_AMZN_2023_10-K_0001018724-23-000004.html
AMZN,10-K,2023,xml,0001018724-23-000004_amzn-20221231_cal,data\raw_reports\standard\US_AMZN_2023_10-K_0001018724-23-000004_amzn-20221231_cal.xml
AMZN,10-K,2023,xml,0001018724-23-000004_amzn-20221231_def,data\raw_reports\standard\US_AMZN_2023_10-K_0001018724-23-000004_amzn-20221231_def.xml
AMZN,10-K,2023,xml,0001018724-23-000004_amzn-20221231_htm,data\raw_reports\standard\US_AMZN_2023_10-K_0001018724-23-000004_amzn-20221231_htm.xml
AMZN,10-K,2023,xml,0001018724-23-000004_amzn-20221231_lab,data\raw_reports\standard\US_AMZN_2023_10-K_0001018724-23-000004_amzn-20221231_lab.xml
AMZN,10-K,2023,xml,0001018724-23-000004_amzn-20221231_pre,data\raw_reports\standard\US_AMZN_2023_10-K_0001018724-23-000004_amzn-20221231_pre.xml
AMZN,10-Q,2025,html,0001018724-25-000036,data\raw_reports\standard\US_AMZN_2025_10-Q_0001018724-25-000036.html
AMZN,10-Q,2025,xml,0001018724-25-000036_amzn-20250331_cal,data\raw_reports\standard\US_AMZN_2025_10-Q_0001018724-25-000036_amzn-20250331_cal.xml
AMZN,10-Q,2025,xml,0001018724-25-000036_amzn-20250331_def,data\raw_reports\standard\US_AMZN_2025_10-Q_0001018724-25-000036_amzn-20250331_def.xml
AMZN,10-Q,2025,xml,0001018724-25-000036_amzn-20250331_htm,data\raw_reports\standard\US_AMZN_2025_10-Q_0001018724-25-000036_amzn-20250331_htm.xml
AMZN,10-Q,2025,xml,0001018724-25-000036_amzn-20250331_lab,data\raw_reports\standard\US_AMZN_2025_10-Q_0001018724-25-000036_amzn-20250331_lab.xml
AMZN,10-Q,2025,xml,0001018724-25-000036_amzn-20250331_pre,data\raw_reports\standard\US_AMZN_2025_10-Q_0001018724-25-000036_amzn-20250331_pre.xml
AMZN,10-Q,2025,html,0001018724-25-000086,data\raw_reports\standard\US_AMZN_2025_10-Q_0001018724-25-000086.html
AMZN,10-Q,2025,xml,0001018724-25-000086_amzn-20250630_cal,data\raw_reports\standard\US_AMZN_2025_10-Q_0001018724-25-000086_amzn-20250630_cal.xml
AMZN,10-Q,2025,xml,0001018724-25-000086_amzn-20250630_def,data\raw_reports\standard\US_AMZN_2025_10-Q_0001018724-25-000086_amzn-20250630_def.xml
AMZN,10-Q,2025,xml,0001018724-25-000086_amzn-20250630_htm,data\raw_reports\standard\US_AMZN_2025_10-Q_0001018724-25-000086_amzn-20250630_htm.xml
AMZN,10-Q,2025,xml,0001018724-25-000086_amzn-20250630_lab,data\raw_reports\standard\US_AMZN_2025_10-Q_0001018724-25-000086_amzn-20250630_lab.xml
AMZN,10-Q,2025,xml,0001018724-25-000086_amzn-20250630_pre,data\raw_reports\standard\US_AMZN_2025_10-Q_0001018724-25-000086_amzn-20250630_pre.xml
AMZN,10-Q,2024,html,0001018724-24-000083,data\raw_reports\standard\US_AMZN_2024_10-Q_0001018724-24-000083.html
AMZN,10-Q,2024,xml,0001018724-24-000083_amzn-20240331_cal,data\raw_reports\standard\US_AMZN_2024_10-Q_0001018724-24-000083_amzn-20240331_cal.xml
AMZN,10-Q,2024,xml,0001018724-24-000083_amzn-20240331_def,data\raw_reports\standard\US_AMZN_2024_10-Q_0001018724-24-000083_amzn-20240331_def.xml
AMZN,10-Q,2024,xml,0001018724-24-000083_amzn-20240331_htm,data\raw_reports\standard\US_AMZN_2024_10-Q_0001018724-24-000083_amzn-20240331_htm.xml
AMZN,10-Q,2024,xml,0001018724-24-000083_amzn-20240331_lab,data\raw_reports\standard\US_AMZN_2024_10-Q_0001018724-24-000083_amzn-20240331_lab.xml
AMZN,10-Q,2024,xml,0001018724-24-000083_amzn-20240331_pre,data\raw_reports\standard\US_AMZN_2024_10-Q_0001018724-24-000083_amzn-20240331_pre.xml
AMZN,10-Q,2024,html,0001018724-24-000130,data\raw_reports\standard\US_AMZN_2024_10-Q_0001018724-24-000130.html
AMZN,10-Q,2024,xml,0001018724-24-000130_amzn-20240630_cal,data\raw_reports\standard\US_AMZN_2024_10-Q_0001018724-24-000130_amzn-20240630_cal.xml
AMZN,10-Q,2024,xml,0001018724-24-000130_amzn-20240630_def,data\raw_reports\standard\US_AMZN_2024_10-Q_0001018724-24-000130_amzn-20240630_def.xml
AMZN,10-Q,2024,xml,0001018724-24-000130_amzn-20240630_htm,data\raw_reports\standard\US_AMZN_2024_10-Q_0001018724-24-000130_amzn-20240630_htm.xml
AMZN,10-Q,2024,xml,0001018724-24-000130_amzn-20240630_lab,data\raw_reports\standard\US_AMZN_2024_10-Q_0001018724-24-000130_amzn-20240630_lab.xml
AMZN,10-Q,2024,xml,0001018724-24-000130_amzn-20240630_pre,data\raw_reports\standard\US_AMZN_2024_10-Q_0001018724-24-000130_amzn-20240630_pre.xml
AMZN,10-Q,2024,html,0001018724-24-000161,data\raw_reports\standard\US_AMZN_2024_10-Q_0001018724-24-000161.html
AMZN,10-Q,2024,xml,0001018724-24-000161_amzn-20240930_cal,data\raw_reports\standard\US_AMZN_2024_10-Q_0001018724-24-000161_amzn-20240930_cal.xml
AMZN,10-Q,2024,xml,0001018724-24-000161_amzn-20240930_def,data\raw_reports\standard\US_AMZN_2024_10-Q_0001018724-24-000161_amzn-20240930_def.xml
AMZN,10-Q,2024,xml,0001018724-24-000161_amzn-20240930_htm,data\raw_reports\standard\US_AMZN_2024_10-Q_0001018724-24-000161_amzn-20240930_htm.xml
AMZN,10-Q,2024,xml,0001018724-24-000161_amzn-20240930_lab,data\raw_reports\standard\US_AMZN_2024_10-Q_0001018724-24-000161_amzn-20240930_lab.xml
AMZN,10-Q,2024,xml,0001018724-24-000161_amzn-20240930_pre,data\raw_reports\standard\US_AMZN_2024_10-Q_0001018724-24-000161_amzn-20240930_pre.xml
AMZN,10-Q,2023,html,0001018724-23-000008,data\raw_reports\standard\US_AMZN_2023_10-Q_0001018724-23-000008.html
AMZN,10-Q,2023,xml,0001018724-23-000008_amzn-20230331_cal,data\raw_reports\standard\US_AMZN_2023_10-Q_0001018724-23-000008_amzn-20230331_cal.xml
AMZN,10-Q,2023,xml,0001018724-23-000008_amzn-20230331_def,data\raw_reports\standard\US_AMZN_2023_10-Q_0001018724-23-000008_amzn-20230331_def.xml
AMZN,10-Q,2023,xml,0001018724-23-000008_amzn-20230331_htm,data\raw_reports\standard\US_AMZN_2023_10-Q_0001018724-23-000008_amzn-20230331_htm.xml
AMZN,10-Q,2023,xml,0001018724-23-000008_amzn-20230331_lab,data\raw_reports\standard\US_AMZN_2023_10-Q_0001018724-23-000008_amzn-20230331_lab.xml
AMZN,10-Q,2023,xml,0001018724-23-000008_amzn-20230331_pre,data\raw_reports\standard\US_AMZN_2023_10-Q_0001018724-23-000008_amzn-20230331_pre.xml
AMZN,10-Q,2023,html,0001018724-23-000012,data\raw_reports\standard\US_AMZN_2023_10-Q_0001018724-23-000012.html
AMZN,10-Q,2023,xml,0001018724-23-000012_amzn-20230630_cal,data\raw_reports\standard\US_AMZN_2023_10-Q_0001018724-23-000012_amzn-20230630_cal.xml
AMZN,10-Q,2023,xml,0001018724-23-000012_amzn-20230630_def,data\raw_reports\standard\US_AMZN_2023_10-Q_0001018724-23-000012_amzn-20230630_def.xml
AMZN,10-Q,2023,xml,0001018724-23-000012_amzn-20230630_htm,data\raw_reports\standard\US_AMZN_2023_10-Q_0001018724-23-000012_amzn-20230630_htm.xml
AMZN,10-Q,2023,xml,0001018724-23-000012_amzn-20230630_lab,data\raw_reports\standard\US_AMZN_2023_10-Q_0001018724-23-000012_amzn-20230630_lab.xml
AMZN,10-Q,2023,xml,0001018724-23-000012_amzn-20230630_pre,data\raw_reports\standard\US_AMZN_2023_10-Q_0001018724-23-000012_amzn-20230630_pre.xml
AMZN,10-Q,2023,html,0001018724-23-000018,data\raw_reports\standard\US_AMZN_2023_10-Q_0001018724-23-000018.html
AMZN,10-Q,2023,xml,0001018724-23-000018_amzn-20230930_cal,data\raw_reports\standard\US_AMZN_2023_10-Q_0001018724-23-000018_amzn-20230930_cal.xml
AMZN,10-Q,2023,xml,0001018724-23-000018_amzn-20230930_def,data\raw_reports\standard\US_AMZN_2023_10-Q_0001018724-23-000018_amzn-20230930_def.xml
AMZN,10-Q,2023,xml,0001018724-23-000018_amzn-20230930_htm,data\raw_reports\standard\US_AMZN_2023_10-Q_0001018724-23-000018_amzn-20230930_htm.xml
AMZN,10-Q,2023,xml,0001018724-23-000018_amzn-20230930_lab,data\raw_reports\standard\US_AMZN_2023_10-Q_0001018724-23-000018_amzn-20230930_lab.xml
AMZN,10-Q,2023,xml,0001018724-23-000018_amzn-20230930_pre,data\raw_reports\standard\US_AMZN_2023_10-Q_0001018724-23-000018_amzn-20230930_pre.xml
BRK-A,10-K,2025,html,0000950170-25-025210,data\raw_reports\standard\US_BRK-A_2025_10-K_0000950170-25-025210.html
BRK-A,10-K,2025,xml,0000950170-25-025210_brka-20241231_htm,data\raw_reports\standard\US_BRK-A_2025_10-K_0000950170-25-025210_brka-20241231_htm.xml
BRK-A,10-K,2024,html,0000950170-24-019719,data\raw_reports\standard\US_BRK-A_2024_10-K_0000950170-24-019719.html
BRK-A,10-K,2024,xml,0000950170-24-019719_brka-20231231_htm,data\raw_reports\standard\US_BRK-A_2024_10-K_0000950170-24-019719_brka-20231231_htm.xml
BRK-A,10-K,2023,html,0000950170-23-004451,data\raw_reports\standard\US_BRK-A_2023_10-K_0000950170-23-004451.html
BRK-A,10-K,2023,xml,0000950170-23-004451_brka-20221231_cal,data\raw_reports\standard\US_BRK-A_2023_10-K_0000950170-23-004451_brka-20221231_cal.xml
BRK-A,10-K,2023,xml,0000950170-23-004451_brka-20221231_def,data\raw_reports\standard\US_BRK-A_2023_10-K_0000950170-23-004451_brka-20221231_def.xml
BRK-A,10-K,2023,xml,0000950170-23-004451_brka-20221231_htm,data\raw_reports\standard\US_BRK-A_2023_10-K_0000950170-23-004451_brka-20221231_htm.xml
BRK-A,10-K,2023,xml,0000950170-23-004451_brka-20221231_lab,data\raw_reports\standard\US_BRK-A_2023_10-K_0000950170-23-004451_brka-20221231_lab.xml
BRK-A,10-K,2023,xml,0000950170-23-004451_brka-20221231_pre,data\raw_reports\standard\US_BRK-A_2023_10-K_0000950170-23-004451_brka-20221231_pre.xml
BRK-A,10-Q,2025,html,0000950170-25-063112,data\raw_reports\standard\US_BRK-A_2025_10-Q_0000950170-25-063112.html
BRK-A,10-Q,2025,xml,0000950170-25-063112_brka-20250331_htm,data\raw_reports\standard\US_BRK-A_2025_10-Q_0000950170-25-063112_brka-20250331_htm.xml
BRK-A,10-Q,2025,html,0000950170-25-101578,data\raw_reports\standard\US_BRK-A_2025_10-Q_0000950170-25-101578.html
BRK-A,10-Q,2025,xml,0000950170-25-101578_brka-20250630_htm,data\raw_reports\standard\US_BRK-A_2025_10-Q_0000950170-25-101578_brka-20250630_htm.xml
BRK-A,10-Q,2024,html,0000950170-24-053185,data\raw_reports\standard\US_BRK-A_2024_10-Q_0000950170-24-053185.html
BRK-A,10-Q,2024,xml,0000950170-24-053185_brka-20240331_htm,data\raw_reports\standard\US_BRK-A_2024_10-Q_0000950170-24-053185_brka-20240331_htm.xml
BRK-A,10-Q,2024,html,0000950170-24-090305,data\raw_reports\standard\US_BRK-A_2024_10-Q_0000950170-24-090305.html
BRK-A,10-Q,2024,xml,0000950170-24-090305_brka-20240630_htm,data\raw_reports\standard\US_BRK-A_2024_10-Q_0000950170-24-090305_brka-20240630_htm.xml
BRK-A,10-Q,2024,html,0000950170-24-120241,data\raw_reports\standard\US_BRK-A_2024_10-Q_0000950170-24-120241.html
BRK-A,10-Q,2024,xml,0000950170-24-120241_brka-20240930_htm,data\raw_reports\standard\US_BRK-A_2024_10-Q_0000950170-24-120241_brka-20240930_htm.xml
BRK-A,10-Q,2023,html,0000950170-23-018438,data\raw_reports\standard\US_BRK-A_2023_10-Q_0000950170-23-018438.html
BRK-A,10-Q,2023,xml,0000950170-23-018438_brka-20230331_cal,data\raw_reports\standard\US_BRK-A_2023_10-Q_0000950170-23-018438_brka-20230331_cal.xml
BRK-A,10-Q,2023,xml,0000950170-23-018438_brka-20230331_def,data\raw_reports\standard\US_BRK-A_2023_10-Q_0000950170-23-018438_brka-20230331_def.xml
BRK-A,10-Q,2023,xml,0000950170-23-018438_brka-20230331_htm,data\raw_reports\standard\US_BRK-A_2023_10-Q_0000950170-23-018438_brka-20230331_htm.xml
BRK-A,10-Q,2023,xml,0000950170-23-018438_brka-20230331_lab,data\raw_reports\standard\US_BRK-A_2023_10-Q_0000950170-23-018438_brka-20230331_lab.xml
BRK-A,10-Q,2023,xml,0000950170-23-018438_brka-20230331_pre,data\raw_reports\standard\US_BRK-A_2023_10-Q_0000950170-23-018438_brka-20230331_pre.xml
BRK-A,10-Q,2023,html,0000950170-23-038705,data\raw_reports\standard\US_BRK-A_2023_10-Q_0000950170-23-038705.html
BRK-A,10-Q,2023,xml,0000950170-23-038705_brka-20230630_cal,data\raw_reports\standard\US_BRK-A_2023_10-Q_0000950170-23-038705_brka-20230630_cal.xml
BRK-A,10-Q,2023,xml,0000950170-23-038705_brka-20230630_def,data\raw_reports\standard\US_BRK-A_2023_10-Q_0000950170-23-038705_brka-20230630_def.xml
BRK-A,10-Q,2023,xml,0000950170-23-038705_brka-20230630_htm,data\raw_reports\standard\US_BRK-A_2023_10-Q_0000950170-23-038705_brka-20230630_htm.xml
BRK-A,10-Q,2023,xml,0000950170-23-038705_brka-20230630_lab,data\raw_reports\standard\US_BRK-A_2023_10-Q_0000950170-23-038705_brka-20230630_lab.xml
BRK-A,10-Q,2023,xml,0000950170-23-038705_brka-20230630_pre,data\raw_reports\standard\US_BRK-A_2023_10-Q_0000950170-23-038705_brka-20230630_pre.xml
BRK-A,10-Q,2023,html,0000950170-23-058993,data\raw_reports\standard\US_BRK-A_2023_10-Q_0000950170-23-058993.html
BRK-A,10-Q,2023,xml,0000950170-23-058993_brka-20230930_cal,data\raw_reports\standard\US_BRK-A_2023_10-Q_0000950170-23-058993_brka-20230930_cal.xml
BRK-A,10-Q,2023,xml,0000950170-23-058993_brka-20230930_def,data\raw_reports\standard\US_BRK-A_2023_10-Q_0000950170-23-058993_brka-20230930_def.xml
BRK-A,10-Q,2023,xml,0000950170-23-058993_brka-20230930_htm,data\raw_reports\standard\US_BRK-A_2023_10-Q_0000950170-23-058993_brka-20230930_htm.xml
BRK-A,10-Q,2023,xml,0000950170-23-058993_brka-20230930_lab,data\raw_reports\standard\US_BRK-A_2023_10-Q_0000950170-23-058993_brka-20230930_lab.xml
BRK-A,10-Q,2023,xml,0000950170-23-058993_brka-20230930_pre,data\raw_reports\standard\US_BRK-A_2023_10-Q_0000950170-23-058993_brka-20230930_pre.xml
GOOGL,10-K,2025,html,0001652044-25-000014,data\raw_reports\standard\US_GOOGL_2025_10-K_0001652044-25-000014.html
GOOGL,10-K,2025,xml,0001652044-25-000014_goog-20241231_cal,data\raw_reports\standard\US_GOOGL_2025_10-K_0001652044-25-000014_goog-20241231_cal.xml
GOOGL,10-K,2025,xml,0001652044-25-000014_goog-20241231_def,data\raw_reports\standard\US_GOOGL_2025_10-K_0001652044-25-000014_goog-20241231_def.xml
GOOGL,10-K,2025,xml,0001652044-25-000014_goog-20241231_htm,data\raw_reports\standard\US_GOOGL_2025_10-K_0001652044-25-000014_goog-20241231_htm.xml
GOOGL,10-K,2025,xml,0001652044-25-000014_goog-20241231_lab,data\raw_reports\standard\US_GOOGL_2025_10-K_0001652044-25-000014_goog-20241231_lab.xml
GOOGL,10-K,2025,xml,0001652044-25-000014_goog-20241231_pre,data\raw_reports\standard\US_GOOGL_2025_10-K_0001652044-25-000014_goog-20241231_pre.xml
GOOGL,10-K,2024,html,0001652044-24-000022,data\raw_reports\standard\US_GOOGL_2024_10-K_0001652044-24-000022.html
GOOGL,10-K,2024,xml,0001652044-24-000022_goog-20231231_cal,data\raw_reports\standard\US_GOOGL_2024_10-K_0001652044-24-000022_goog-20231231_cal.xml
GOOGL,10-K,2024,xml,0001652044-24-000022_goog-20231231_def,data\raw_reports\standard\US_GOOGL_2024_10-K_0001652044-24-000022_goog-20231231_def.xml
GOOGL,10-K,2024,xml,0001652044-24-000022_goog-20231231_htm,data\raw_reports\standard\US_GOOGL_2024_10-K_0001652044-24-000022_goog-20231231_htm.xml
GOOGL,10-K,2024,xml,0001652044-24-000022_goog-20231231_lab,data\raw_reports\standard\US_GOOGL_2024_10-K_0001652044-24-000022_goog-20231231_lab.xml
GOOGL,10-K,2024,xml,0001652044-24-000022_goog-20231231_pre,data\raw_reports\standard\US_GOOGL_2024_10-K_0001652044-24-000022_goog-20231231_pre.xml
GOOGL,10-K,2023,html,0001652044-23-000016,data\raw_reports\standard\US_GOOGL_2023_10-K_0001652044-23-000016.html
GOOGL,10-K,2023,xml,0001652044-23-000016_goog-20221231_cal,data\raw_reports\standard\US_GOOGL_2023_10-K_0001652044-23-000016_goog-20221231_cal.xml
GOOGL,10-K,2023,xml,0001652044-23-000016_goog-20221231_def,data\raw_reports\standard\US_GOOGL_2023_10-K_0001652044-23-000016_goog-20221231_def.xml
GOOGL,10-K,2023,xml,0001652044-23-000016_goog-20221231_htm,data\raw_reports\standard\US_GOOGL_2023_10-K_0001652044-23-000016_goog-20221231_htm.xml
GOOGL,10-K,2023,xml,0001652044-23-000016_goog-20221231_lab,data\raw_reports\standard\US_GOOGL_2023_10-K_0001652044-23-000016_goog-20221231_lab.xml
GOOGL,10-K,2023,xml,0001652044-23-000016_goog-20221231_pre,data\raw_reports\standard\US_GOOGL_2023_10-K_0001652044-23-000016_goog-20221231_pre.xml
GOOGL,10-Q,2025,html,0001652044-25-000043,data\raw_reports\standard\US_GOOGL_2025_10-Q_0001652044-25-000043.html
GOOGL,10-Q,2025,xml,0001652044-25-000043_goog-20250331_cal,data\raw_reports\standard\US_GOOGL_2025_10-Q_0001652044-25-000043_goog-20250331_cal.xml
GOOGL,10-Q,2025,xml,0001652044-25-000043_goog-20250331_def,data\raw_reports\standard\US_GOOGL_2025_10-Q_0001652044-25-000043_goog-20250331_def.xml
GOOGL,10-Q,2025,xml,0001652044-25-000043_goog-20250331_htm,data\raw_reports\standard\US_GOOGL_2025_10-Q_0001652044-25-000043_goog-20250331_htm.xml
GOOGL,10-Q,2025,xml,0001652044-25-000043_goog-20250331_lab,data\raw_reports\standard\US_GOOGL_2025_10-Q_0001652044-25-000043_goog-20250331_lab.xml
GOOGL,10-Q,2025,xml,0001652044-25-000043_goog-20250331_pre,data\raw_reports\standard\US_GOOGL_2025_10-Q_0001652044-25-000043_goog-20250331_pre.xml
GOOGL,10-Q,2025,html,0001652044-25-000062,data\raw_reports\standard\US_GOOGL_2025_10-Q_0001652044-25-000062.html
GOOGL,10-Q,2025,xml,0001652044-25-000062_goog-20250630_cal,data\raw_reports\standard\US_GOOGL_2025_10-Q_0001652044-25-000062_goog-20250630_cal.xml
GOOGL,10-Q,2025,xml,0001652044-25-000062_goog-20250630_def,data\raw_reports\standard\US_GOOGL_2025_10-Q_0001652044-25-000062_goog-20250630_def.xml
GOOGL,10-Q,2025,xml,0001652044-25-000062_goog-20250630_htm,data\raw_reports\standard\US_GOOGL_2025_10-Q_0001652044-25-000062_goog-20250630_htm.xml
GOOGL,10-Q,2025,xml,0001652044-25-000062_goog-20250630_lab,data\raw_reports\standard\US_GOOGL_2025_10-Q_0001652044-25-000062_goog-20250630_lab.xml
GOOGL,10-Q,2025,xml,0001652044-25-000062_goog-20250630_pre,data\raw_reports\standard\US_GOOGL_2025_10-Q_0001652044-25-000062_goog-20250630_pre.xml
GOOGL,10-Q,2024,html,0001652044-24-000053,data\raw_reports\standard\US_GOOGL_2024_10-Q_0001652044-24-000053.html
GOOGL,10-Q,2024,xml,0001652044-24-000053_goog-20240331_cal,data\raw_reports\standard\US_GOOGL_2024_10-Q_0001652044-24-000053_goog-20240331_cal.xml
GOOGL,10-Q,2024,xml,0001652044-24-000053_goog-20240331_def,data\raw_reports\standard\US_GOOGL_2024_10-Q_0001652044-24-000053_goog-20240331_def.xml
GOOGL,10-Q,2024,xml,0001652044-24-000053_goog-20240331_htm,data\raw_reports\standard\US_GOOGL_2024_10-Q_0001652044-24-000053_goog-20240331_htm.xml
GOOGL,10-Q,2024,xml,0001652044-24-000053_goog-20240331_lab,data\raw_reports\standard\US_GOOGL_2024_10-Q_0001652044-24-000053_goog-20240331_lab.xml
GOOGL,10-Q,2024,xml,0001652044-24-000053_goog-20240331_pre,data\raw_reports\standard\US_GOOGL_2024_10-Q_0001652044-24-000053_goog-20240331_pre.xml
GOOGL,10-Q,2024,html,0001652044-24-000079,data\raw_reports\standard\US_GOOGL_2024_10-Q_0001652044-24-000079.html
GOOGL,10-Q,2024,xml,0001652044-24-000079_goog-20240630_cal,data\raw_reports\standard\US_GOOGL_2024_10-Q_0001652044-24-000079_goog-20240630_cal.xml
GOOGL,10-Q,2024,xml,0001652044-24-000079_goog-20240630_def,data\raw_reports\standard\US_GOOGL_2024_10-Q_0001652044-24-000079_goog-20240630_def.xml
GOOGL,10-Q,2024,xml,0001652044-24-000079_goog-20240630_htm,data\raw_reports\standard\US_GOOGL_2024_10-Q_0001652044-24-000079_goog-20240630_htm.xml
GOOGL,10-Q,2024,xml,0001652044-24-000079_goog-20240630_lab,data\raw_reports\standard\US_GOOGL_2024_10-Q_0001652044-24-000079_goog-20240630_lab.xml
GOOGL,10-Q,2024,xml,0001652044-24-000079_goog-20240630_pre,data\raw_reports\standard\US_GOOGL_2024_10-Q_0001652044-24-000079_goog-20240630_pre.xml
GOOGL,10-Q,2024,html,0001652044-24-000118,data\raw_reports\standard\US_GOOGL_2024_10-Q_0001652044-24-000118.html
GOOGL,10-Q,2024,xml,0001652044-24-000118_goog-20240930_cal,data\raw_reports\standard\US_GOOGL_2024_10-Q_0001652044-24-000118_goog-20240930_cal.xml
GOOGL,10-Q,2024,xml,0001652044-24-000118_goog-20240930_def,data\raw_reports\standard\US_GOOGL_2024_10-Q_0001652044-24-000118_goog-20240930_def.xml
GOOGL,10-Q,2024,xml,0001652044-24-000118_goog-20240930_htm,data\raw_reports\standard\US_GOOGL_2024_10-Q_0001652044-24-000118_goog-20240930_htm.xml
GOOGL,10-Q,2024,xml,0001652044-24-000118_goog-20240930_lab,data\raw_reports\standard\US_GOOGL_2024_10-Q_0001652044-24-000118_goog-20240930_lab.xml
GOOGL,10-Q,2024,xml,0001652044-24-000118_goog-20240930_pre,data\raw_reports\standard\US_GOOGL_2024_10-Q_0001652044-24-000118_goog-20240930_pre.xml
GOOGL,10-Q,2023,html,0001652044-23-000045,data\raw_reports\standard\US_GOOGL_2023_10-Q_0001652044-23-000045.html
GOOGL,10-Q,2023,xml,0001652044-23-000045_goog-20230331_cal,data\raw_reports\standard\US_GOOGL_2023_10-Q_0001652044-23-000045_goog-20230331_cal.xml
GOOGL,10-Q,2023,xml,0001652044-23-000045_goog-20230331_def,data\raw_reports\standard\US_GOOGL_2023_10-Q_0001652044-23-000045_goog-20230331_def.xml
GOOGL,10-Q,2023,xml,0001652044-23-000045_goog-20230331_htm,data\raw_reports\standard\US_GOOGL_2023_10-Q_0001652044-23-000045_goog-20230331_htm.xml
GOOGL,10-Q,2023,xml,0001652044-23-000045_goog-20230331_lab,data\raw_reports\standard\US_GOOGL_2023_10-Q_0001652044-23-000045_goog-20230331_lab.xml
GOOGL,10-Q,2023,xml,0001652044-23-000045_goog-20230331_pre,data\raw_reports\standard\US_GOOGL_2023_10-Q_0001652044-23-000045_goog-20230331_pre.xml
GOOGL,10-Q,2023,html,0001652044-23-000070,data\raw_reports\standard\US_GOOGL_2023_10-Q_0001652044-23-000070.html
GOOGL,10-Q,2023,xml,0001652044-23-000070_goog-20230630_cal,data\raw_reports\standard\US_GOOGL_2023_10-Q_0001652044-23-000070_goog-20230630_cal.xml
GOOGL,10-Q,2023,xml,0001652044-23-000070_goog-20230630_def,data\raw_reports\standard\US_GOOGL_2023_10-Q_0001652044-23-000070_goog-20230630_def.xml
GOOGL,10-Q,2023,xml,0001652044-23-000070_goog-20230630_htm,data\raw_reports\standard\US_GOOGL_2023_10-Q_0001652044-23-000070_goog-20230630_htm.xml
GOOGL,10-Q,2023,xml,0001652044-23-000070_goog-20230630_lab,data\raw_reports\standard\US_GOOGL_2023_10-Q_0001652044-23-000070_goog-20230630_lab.xml
GOOGL,10-Q,2023,xml,0001652044-23-000070_goog-20230630_pre,data\raw_reports\standard\US_GOOGL_2023_10-Q_0001652044-23-000070_goog-20230630_pre.xml
GOOGL,10-Q,2023,html,0001652044-23-000094,data\raw_reports\standard\US_GOOGL_2023_10-Q_0001652044-23-000094.html
GOOGL,10-Q,2023,xml,0001652044-23-000094_goog-20230930_cal,data\raw_reports\standard\US_GOOGL_2023_10-Q_0001652044-23-000094_goog-20230930_cal.xml
GOOGL,10-Q,2023,xml,0001652044-23-000094_goog-20230930_def,data\raw_reports\standard\US_GOOGL_2023_10-Q_0001652044-23-000094_goog-20230930_def.xml
GOOGL,10-Q,2023,xml,0001652044-23-000094_goog-20230930_htm,data\raw_reports\standard\US_GOOGL_2023_10-Q_0001652044-23-000094_goog-20230930_htm.xml
GOOGL,10-Q,2023,xml,0001652044-23-000094_goog-20230930_lab,data\raw_reports\standard\US_GOOGL_2023_10-Q_0001652044-23-000094_goog-20230930_lab.xml
GOOGL,10-Q,2023,xml,0001652044-23-000094_goog-20230930_pre,data\raw_reports\standard\US_GOOGL_2023_10-Q_0001652044-23-000094_goog-20230930_pre.xml
JNJ,10-K,2025,html,0000200406-25-000038,data\raw_reports\standard\US_JNJ_2025_10-K_0000200406-25-000038.html
JNJ,10-K,2025,xml,0000200406-25-000038_jnj-20241229_cal,data\raw_reports\standard\US_JNJ_2025_10-K_0000200406-25-000038_jnj-20241229_cal.xml
JNJ,10-K,2025,xml,0000200406-25-000038_jnj-20241229_def,data\raw_reports\standard\US_JNJ_2025_10-K_0000200406-25-000038_jnj-20241229_def.xml
JNJ,10-K,2025,xml,0000200406-25-000038_jnj-20241229_htm,data\raw_reports\standard\US_JNJ_2025_10-K_0000200406-25-000038_jnj-20241229_htm.xml
JNJ,10-K,2025,xml,0000200406-25-000038_jnj-20241229_lab,data\raw_reports\standard\US_JNJ_2025_10-K_0000200406-25-000038_jnj-20241229_lab.xml
JNJ,10-K,2025,xml,0000200406-25-000038_jnj-20241229_pre,data\raw_reports\standard\US_JNJ_2025_10-K_0000200406-25-000038_jnj-20241229_pre.xml
JNJ,10-K,2024,html,0000200406-24-000013,data\raw_reports\standard\US_JNJ_2024_10-K_0000200406-24-000013.html
JNJ,10-K,2024,xml,0000200406-24-000013_jnj-20231231_cal,data\raw_reports\standard\US_JNJ_2024_10-K_0000200406-24-000013_jnj-20231231_cal.xml
JNJ,10-K,2024,xml,0000200406-24-000013_jnj-20231231_def,data\raw_reports\standard\US_JNJ_2024_10-K_0000200406-24-000013_jnj-20231231_def.xml
JNJ,10-K,2024,xml,0000200406-24-000013_jnj-20231231_htm,data\raw_reports\standard\US_JNJ_2024_10-K_0000200406-24-000013_jnj-20231231_htm.xml
JNJ,10-K,2024,xml,0000200406-24-000013_jnj-20231231_lab,data\raw_reports\standard\US_JNJ_2024_10-K_0000200406-24-000013_jnj-20231231_lab.xml
JNJ,10-K,2024,xml,0000200406-24-000013_jnj-20231231_pre,data\raw_reports\standard\US_JNJ_2024_10-K_0000200406-24-000013_jnj-20231231_pre.xml
JNJ,10-K,2023,html,0000200406-23-000016,data\raw_reports\standard\US_JNJ_2023_10-K_0000200406-23-000016.html
JNJ,10-K,2023,xml,0000200406-23-000016_jnj-20230101_cal,data\raw_reports\standard\US_JNJ_2023_10-K_0000200406-23-000016_jnj-20230101_cal.xml
JNJ,10-K,2023,xml,0000200406-23-000016_jnj-20230101_def,data\raw_reports\standard\US_JNJ_2023_10-K_0000200406-23-000016_jnj-20230101_def.xml
JNJ,10-K,2023,xml,0000200406-23-000016_jnj-20230101_htm,data\raw_reports\standard\US_JNJ_2023_10-K_0000200406-23-000016_jnj-20230101_htm.xml
JNJ,10-K,2023,xml,0000200406-23-000016_jnj-20230101_lab,data\raw_reports\standard\US_JNJ_2023_10-K_0000200406-23-000016_jnj-20230101_lab.xml
JNJ,10-K,2023,xml,0000200406-23-000016_jnj-20230101_pre,data\raw_reports\standard\US_JNJ_2023_10-K_0000200406-23-000016_jnj-20230101_pre.xml
JNJ,10-Q,2025,html,0000200406-25-000119,data\raw_reports\standard\US_JNJ_2025_10-Q_0000200406-25-000119.html
JNJ,10-Q,2025,xml,0000200406-25-000119_jnj-20250330_cal,data\raw_reports\standard\US_JNJ_2025_10-Q_0000200406-25-000119_jnj-20250330_cal.xml
JNJ,10-Q,2025,xml,0000200406-25-000119_jnj-20250330_def,data\raw_reports\standard\US_JNJ_2025_10-Q_0000200406-25-000119_jnj-20250330_def.xml
JNJ,10-Q,2025,xml,0000200406-25-000119_jnj-20250330_htm,data\raw_reports\standard\US_JNJ_2025_10-Q_0000200406-25-000119_jnj-20250330_htm.xml
JNJ,10-Q,2025,xml,0000200406-25-000119_jnj-20250330_lab,data\raw_reports\standard\US_JNJ_2025_10-Q_0000200406-25-000119_jnj-20250330_lab.xml
JNJ,10-Q,2025,xml,0000200406-25-000119_jnj-20250330_pre,data\raw_reports\standard\US_JNJ_2025_10-Q_0000200406-25-000119_jnj-20250330_pre.xml
JNJ,10-Q,2025,html,0000200406-25-000178,data\raw_reports\standard\US_JNJ_2025_10-Q_0000200406-25-000178.html
JNJ,10-Q,2025,xml,0000200406-25-000178_jnj-20250629_cal,data\raw_reports\standard\US_JNJ_2025_10-Q_0000200406-25-000178_jnj-20250629_cal.xml
JNJ,10-Q,2025,xml,0000200406-25-000178_jnj-20250629_def,data\raw_reports\standard\US_JNJ_2025_10-Q_0000200406-25-000178_jnj-20250629_def.xml
JNJ,10-Q,2025,xml,0000200406-25-000178_jnj-20250629_htm,data\raw_reports\standard\US_JNJ_2025_10-Q_0000200406-25-000178_jnj-20250629_htm.xml
JNJ,10-Q,2025,xml,0000200406-25-000178_jnj-20250629_lab,data\raw_reports\standard\US_JNJ_2025_10-Q_0000200406-25-000178_jnj-20250629_lab.xml
JNJ,10-Q,2025,xml,0000200406-25-000178_jnj-20250629_pre,data\raw_reports\standard\US_JNJ_2025_10-Q_0000200406-25-000178_jnj-20250629_pre.xml
JNJ,10-Q,2024,html,0000200406-24-000049,data\raw_reports\standard\US_JNJ_2024_10-Q_0000200406-24-000049.html
JNJ,10-Q,2024,xml,0000200406-24-000049_jnj-20240331_cal,data\raw_reports\standard\US_JNJ_2024_10-Q_0000200406-24-000049_jnj-20240331_cal.xml
JNJ,10-Q,2024,xml,0000200406-24-000049_jnj-20240331_def,data\raw_reports\standard\US_JNJ_2024_10-Q_0000200406-24-000049_jnj-20240331_def.xml
JNJ,10-Q,2024,xml,0000200406-24-000049_jnj-20240331_htm,data\raw_reports\standard\US_JNJ_2024_10-Q_0000200406-24-000049_jnj-20240331_htm.xml
JNJ,10-Q,2024,xml,0000200406-24-000049_jnj-20240331_lab,data\raw_reports\standard\US_JNJ_2024_10-Q_0000200406-24-000049_jnj-20240331_lab.xml
JNJ,10-Q,2024,xml,0000200406-24-000049_jnj-20240331_pre,data\raw_reports\standard\US_JNJ_2024_10-Q_0000200406-24-000049_jnj-20240331_pre.xml
JNJ,10-Q,2024,html,0000200406-24-000075,data\raw_reports\standard\US_JNJ_2024_10-Q_0000200406-24-000075.html
JNJ,10-Q,2024,xml,0000200406-24-000075_jnj-20240630_cal,data\raw_reports\standard\US_JNJ_2024_10-Q_0000200406-24-000075_jnj-20240630_cal.xml
JNJ,10-Q,2024,xml,0000200406-24-000075_jnj-20240630_def,data\raw_reports\standard\US_JNJ_2024_10-Q_0000200406-24-000075_jnj-20240630_def.xml
JNJ,10-Q,2024,xml,0000200406-24-000075_jnj-20240630_htm,data\raw_reports\standard\US_JNJ_2024_10-Q_0000200406-24-000075_jnj-20240630_htm.xml
JNJ,10-Q,2024,xml,0000200406-24-000075_jnj-20240630_lab,data\raw_reports\standard\US_JNJ_2024_10-Q_0000200406-24-000075_jnj-20240630_lab.xml
JNJ,10-Q,2024,xml,0000200406-24-000075_jnj-20240630_pre,data\raw_reports\standard\US_JNJ_2024_10-Q_0000200406-24-000075_jnj-20240630_pre.xml
JNJ,10-Q,2024,html,0000200406-24-000096,data\raw_reports\standard\US_JNJ_2024_10-Q_0000200406-24-000096.html
JNJ,10-Q,2024,xml,0000200406-24-000096_jnj-20240929_cal,data\raw_reports\standard\US_JNJ_2024_10-Q_0000200406-24-000096_jnj-20240929_cal.xml
JNJ,10-Q,2024,xml,0000200406-24-000096_jnj-20240929_def,data\raw_reports\standard\US_JNJ_2024_10-Q_0000200406-24-000096_jnj-20240929_def.xml
JNJ,10-Q,2024,xml,0000200406-24-000096_jnj-20240929_htm,data\raw_reports\standard\US_JNJ_2024_10-Q_0000200406-24-000096_jnj-20240929_htm.xml
JNJ,10-Q,2024,xml,0000200406-24-000096_jnj-20240929_lab,data\raw_reports\standard\US_JNJ_2024_10-Q_0000200406-24-000096_jnj-20240929_lab.xml
JNJ,10-Q,2024,xml,0000200406-24-000096_jnj-20240929_pre,data\raw_reports\standard\US_JNJ_2024_10-Q_0000200406-24-000096_jnj-20240929_pre.xml
JNJ,10-Q,2023,html,0000200406-23-000056,data\raw_reports\standard\US_JNJ_2023_10-Q_0000200406-23-000056.html
JNJ,10-Q,2023,xml,0000200406-23-000056_jnj-20230402_cal,data\raw_reports\standard\US_JNJ_2023_10-Q_0000200406-23-000056_jnj-20230402_cal.xml
JNJ,10-Q,2023,xml,0000200406-23-000056_jnj-20230402_def,data\raw_reports\standard\US_JNJ_2023_10-Q_0000200406-23-000056_jnj-20230402_def.xml
JNJ,10-Q,2023,xml,0000200406-23-000056_jnj-20230402_htm,data\raw_reports\standard\US_JNJ_2023_10-Q_0000200406-23-000056_jnj-20230402_htm.xml
JNJ,10-Q,2023,xml,0000200406-23-000056_jnj-20230402_lab,data\raw_reports\standard\US_JNJ_2023_10-Q_0000200406-23-000056_jnj-20230402_lab.xml
JNJ,10-Q,2023,xml,0000200406-23-000056_jnj-20230402_pre,data\raw_reports\standard\US_JNJ_2023_10-Q_0000200406-23-000056_jnj-20230402_pre.xml
JNJ,10-Q,2023,html,0000200406-23-000082,data\raw_reports\standard\US_JNJ_2023_10-Q_0000200406-23-000082.html
JNJ,10-Q,2023,xml,0000200406-23-000082_jnj-20230702_cal,data\raw_reports\standard\US_JNJ_2023_10-Q_0000200406-23-000082_jnj-20230702_cal.xml
JNJ,10-Q,2023,xml,0000200406-23-000082_jnj-20230702_def,data\raw_reports\standard\US_JNJ_2023_10-Q_0000200406-23-000082_jnj-20230702_def.xml
JNJ,10-Q,2023,xml,0000200406-23-000082_jnj-20230702_htm,data\raw_reports\standard\US_JNJ_2023_10-Q_0000200406-23-000082_jnj-20230702_htm.xml
JNJ,10-Q,2023,xml,0000200406-23-000082_jnj-20230702_lab,data\raw_reports\standard\US_JNJ_2023_10-Q_0000200406-23-000082_jnj-20230702_lab.xml
JNJ,10-Q,2023,xml,0000200406-23-000082_jnj-20230702_pre,data\raw_reports\standard\US_JNJ_2023_10-Q_0000200406-23-000082_jnj-20230702_pre.xml
JNJ,10-Q,2023,html,0000200406-23-000102,data\raw_reports\standard\US_JNJ_2023_10-Q_0000200406-23-000102.html
JNJ,10-Q,2023,xml,0000200406-23-000102_jnj-20231001_cal,data\raw_reports\standard\US_JNJ_2023_10-Q_0000200406-23-000102_jnj-20231001_cal.xml
JNJ,10-Q,2023,xml,0000200406-23-000102_jnj-20231001_def,data\raw_reports\standard\US_JNJ_2023_10-Q_0000200406-23-000102_jnj-20231001_def.xml
JNJ,10-Q,2023,xml,0000200406-23-000102_jnj-20231001_htm,data\raw_reports\standard\US_JNJ_2023_10-Q_0000200406-23-000102_jnj-20231001_htm.xml
JNJ,10-Q,2023,xml,0000200406-23-000102_jnj-20231001_lab,data\raw_reports\standard\US_JNJ_2023_10-Q_0000200406-23-000102_jnj-20231001_lab.xml
JNJ,10-Q,2023,xml,0000200406-23-000102_jnj-20231001_pre,data\raw_reports\standard\US_JNJ_2023_10-Q_0000200406-23-000102_jnj-20231001_pre.xml
JPM,10-K,2025,html,0000019617-25-000270,data\raw_reports\standard\US_JPM_2025_10-K_0000019617-25-000270.html
JPM,10-K,2025,xml,0000019617-25-000270_jpm-20241231_cal,data\raw_reports\standard\US_JPM_2025_10-K_0000019617-25-000270_jpm-20241231_cal.xml
JPM,10-K,2025,xml,0000019617-25-000270_jpm-20241231_def,data\raw_reports\standard\US_JPM_2025_10-K_0000019617-25-000270_jpm-20241231_def.xml
JPM,10-K,2025,xml,0000019617-25-000270_jpm-20241231_htm,data\raw_reports\standard\US_JPM_2025_10-K_0000019617-25-000270_jpm-20241231_htm.xml
JPM,10-K,2025,xml,0000019617-25-000270_jpm-20241231_lab,data\raw_reports\standard\US_JPM_2025_10-K_0000019617-25-000270_jpm-20241231_lab.xml
JPM,10-K,2025,xml,0000019617-25-000270_jpm-20241231_pre,data\raw_reports\standard\US_JPM_2025_10-K_0000019617-25-000270_jpm-20241231_pre.xml
JPM,10-K,2024,html,0000019617-24-000225,data\raw_reports\standard\US_JPM_2024_10-K_0000019617-24-000225.html
JPM,10-K,2024,xml,0000019617-24-000225_jpm-20231231_cal,data\raw_reports\standard\US_JPM_2024_10-K_0000019617-24-000225_jpm-20231231_cal.xml
JPM,10-K,2024,xml,0000019617-24-000225_jpm-20231231_def,data\raw_reports\standard\US_JPM_2024_10-K_0000019617-24-000225_jpm-20231231_def.xml
JPM,10-K,2024,xml,0000019617-24-000225_jpm-20231231_htm,data\raw_reports\standard\US_JPM_2024_10-K_0000019617-24-000225_jpm-20231231_htm.xml
JPM,10-K,2024,xml,0000019617-24-000225_jpm-20231231_lab,data\raw_reports\standard\US_JPM_2024_10-K_0000019617-24-000225_jpm-20231231_lab.xml
JPM,10-K,2024,xml,0000019617-24-000225_jpm-20231231_pre,data\raw_reports\standard\US_JPM_2024_10-K_0000019617-24-000225_jpm-20231231_pre.xml
JPM,10-K,2023,html,0000019617-23-000231,data\raw_reports\standard\US_JPM_2023_10-K_0000019617-23-000231.html
JPM,10-K,2023,xml,0000019617-23-000231_jpm-20221231_cal,data\raw_reports\standard\US_JPM_2023_10-K_0000019617-23-000231_jpm-20221231_cal.xml
JPM,10-K,2023,xml,0000019617-23-000231_jpm-20221231_def,data\raw_reports\standard\US_JPM_2023_10-K_0000019617-23-000231_jpm-20221231_def.xml
JPM,10-K,2023,xml,0000019617-23-000231_jpm-20221231_htm,data\raw_reports\standard\US_JPM_2023_10-K_0000019617-23-000231_jpm-20221231_htm.xml
JPM,10-K,2023,xml,0000019617-23-000231_jpm-20221231_lab,data\raw_reports\standard\US_JPM_2023_10-K_0000019617-23-000231_jpm-20221231_lab.xml
JPM,10-K,2023,xml,0000019617-23-000231_jpm-20221231_pre,data\raw_reports\standard\US_JPM_2023_10-K_0000019617-23-000231_jpm-20221231_pre.xml
JPM,10-Q,2025,html,0000019617-25-000421,data\raw_reports\standard\US_JPM_2025_10-Q_0000019617-25-000421.html
JPM,10-Q,2025,xml,0000019617-25-000421_jpm-20250331_cal,data\raw_reports\standard\US_JPM_2025_10-Q_0000019617-25-000421_jpm-20250331_cal.xml
JPM,10-Q,2025,xml,0000019617-25-000421_jpm-20250331_def,data\raw_reports\standard\US_JPM_2025_10-Q_0000019617-25-000421_jpm-20250331_def.xml
JPM,10-Q,2025,xml,0000019617-25-000421_jpm-20250331_htm,data\raw_reports\standard\US_JPM_2025_10-Q_0000019617-25-000421_jpm-20250331_htm.xml
JPM,10-Q,2025,xml,0000019617-25-000421_jpm-20250331_lab,data\raw_reports\standard\US_JPM_2025_10-Q_0000019617-25-000421_jpm-20250331_lab.xml
JPM,10-Q,2025,xml,0000019617-25-000421_jpm-20250331_pre,data\raw_reports\standard\US_JPM_2025_10-Q_0000019617-25-000421_jpm-20250331_pre.xml
JPM,10-Q,2025,html,0000019617-25-000615,data\raw_reports\standard\US_JPM_2025_10-Q_0000019617-25-000615.html
JPM,10-Q,2025,xml,0000019617-25-000615_jpm-20250630_cal,data\raw_reports\standard\US_JPM_2025_10-Q_0000019617-25-000615_jpm-20250630_cal.xml
JPM,10-Q,2025,xml,0000019617-25-000615_jpm-20250630_def,data\raw_reports\standard\US_JPM_2025_10-Q_0000019617-25-000615_jpm-20250630_def.xml
JPM,10-Q,2025,xml,0000019617-25-000615_jpm-20250630_htm,data\raw_reports\standard\US_JPM_2025_10-Q_0000019617-25-000615_jpm-20250630_htm.xml
JPM,10-Q,2025,xml,0000019617-25-000615_jpm-20250630_lab,data\raw_reports\standard\US_JPM_2025_10-Q_0000019617-25-000615_jpm-20250630_lab.xml
JPM,10-Q,2025,xml,0000019617-25-000615_jpm-20250630_pre,data\raw_reports\standard\US_JPM_2025_10-Q_0000019617-25-000615_jpm-20250630_pre.xml
JPM,10-Q,2024,html,0000019617-24-000326,data\raw_reports\standard\US_JPM_2024_10-Q_0000019617-24-000326.html
JPM,10-Q,2024,xml,0000019617-24-000326_jpm-20240331_cal,data\raw_reports\standard\US_JPM_2024_10-Q_0000019617-24-000326_jpm-20240331_cal.xml
JPM,10-Q,2024,xml,0000019617-24-000326_jpm-20240331_def,data\raw_reports\standard\US_JPM_2024_10-Q_0000019617-24-000326_jpm-20240331_def.xml
JPM,10-Q,2024,xml,0000019617-24-000326_jpm-20240331_htm,data\raw_reports\standard\US_JPM_2024_10-Q_0000019617-24-000326_jpm-20240331_htm.xml
JPM,10-Q,2024,xml,0000019617-24-000326_jpm-20240331_lab,data\raw_reports\standard\US_JPM_2024_10-Q_0000019617-24-000326_jpm-20240331_lab.xml
JPM,10-Q,2024,xml,0000019617-24-000326_jpm-20240331_pre,data\raw_reports\standard\US_JPM_2024_10-Q_0000019617-24-000326_jpm-20240331_pre.xml
JPM,10-Q,2024,html,0000019617-24-000453,data\raw_reports\standard\US_JPM_2024_10-Q_0000019617-24-000453.html
JPM,10-Q,2024,xml,0000019617-24-000453_jpm-20240630_cal,data\raw_reports\standard\US_JPM_2024_10-Q_0000019617-24-000453_jpm-20240630_cal.xml
JPM,10-Q,2024,xml,0000019617-24-000453_jpm-20240630_def,data\raw_reports\standard\US_JPM_2024_10-Q_0000019617-24-000453_jpm-20240630_def.xml
JPM,10-Q,2024,xml,0000019617-24-000453_jpm-20240630_htm,data\raw_reports\standard\US_JPM_2024_10-Q_0000019617-24-000453_jpm-20240630_htm.xml
JPM,10-Q,2024,xml,0000019617-24-000453_jpm-20240630_lab,data\raw_reports\standard\US_JPM_2024_10-Q_0000019617-24-000453_jpm-20240630_lab.xml
JPM,10-Q,2024,xml,0000019617-24-000453_jpm-20240630_pre,data\raw_reports\standard\US_JPM_2024_10-Q_0000019617-24-000453_jpm-20240630_pre.xml
JPM,10-Q,2024,html,0000019617-24-000611,data\raw_reports\standard\US_JPM_2024_10-Q_0000019617-24-000611.html
JPM,10-Q,2024,xml,0000019617-24-000611_jpm-20240930_cal,data\raw_reports\standard\US_JPM_2024_10-Q_0000019617-24-000611_jpm-20240930_cal.xml
JPM,10-Q,2024,xml,0000019617-24-000611_jpm-20240930_def,data\raw_reports\standard\US_JPM_2024_10-Q_0000019617-24-000611_jpm-20240930_def.xml
JPM,10-Q,2024,xml,0000019617-24-000611_jpm-20240930_htm,data\raw_reports\standard\US_JPM_2024_10-Q_0000019617-24-000611_jpm-20240930_htm.xml
JPM,10-Q,2024,xml,0000019617-24-000611_jpm-20240930_lab,data\raw_reports\standard\US_JPM_2024_10-Q_0000019617-24-000611_jpm-20240930_lab.xml
JPM,10-Q,2024,xml,0000019617-24-000611_jpm-20240930_pre,data\raw_reports\standard\US_JPM_2024_10-Q_0000019617-24-000611_jpm-20240930_pre.xml
JPM,10-Q,2023,html,0000019617-23-000310,data\raw_reports\standard\US_JPM_2023_10-Q_0000019617-23-000310.html
JPM,10-Q,2023,xml,0000019617-23-000310_jpm-20230331_cal,data\raw_reports\standard\US_JPM_2023_10-Q_0000019617-23-000310_jpm-20230331_cal.xml
JPM,10-Q,2023,xml,0000019617-23-000310_jpm-20230331_def,data\raw_reports\standard\US_JPM_2023_10-Q_0000019617-23-000310_jpm-20230331_def.xml
JPM,10-Q,2023,xml,0000019617-23-000310_jpm-20230331_htm,data\raw_reports\standard\US_JPM_2023_10-Q_0000019617-23-000310_jpm-20230331_htm.xml
JPM,10-Q,2023,xml,0000019617-23-000310_jpm-20230331_lab,data\raw_reports\standard\US_JPM_2023_10-Q_0000019617-23-000310_jpm-20230331_lab.xml
JPM,10-Q,2023,xml,0000019617-23-000310_jpm-20230331_pre,data\raw_reports\standard\US_JPM_2023_10-Q_0000019617-23-000310_jpm-20230331_pre.xml
JPM,10-Q,2023,html,0000019617-23-000432,data\raw_reports\standard\US_JPM_2023_10-Q_0000019617-23-000432.html
JPM,10-Q,2023,xml,0000019617-23-000432_jpm-20230630_cal,data\raw_reports\standard\US_JPM_2023_10-Q_0000019617-23-000432_jpm-20230630_cal.xml
JPM,10-Q,2023,xml,0000019617-23-000432_jpm-20230630_def,data\raw_reports\standard\US_JPM_2023_10-Q_0000019617-23-000432_jpm-20230630_def.xml
JPM,10-Q,2023,xml,0000019617-23-000432_jpm-20230630_htm,data\raw_reports\standard\US_JPM_2023_10-Q_0000019617-23-000432_jpm-20230630_htm.xml
JPM,10-Q,2023,xml,0000019617-23-000432_jpm-20230630_lab,data\raw_reports\standard\US_JPM_2023_10-Q_0000019617-23-000432_jpm-20230630_lab.xml
JPM,10-Q,2023,xml,0000019617-23-000432_jpm-20230630_pre,data\raw_reports\standard\US_JPM_2023_10-Q_0000019617-23-000432_jpm-20230630_pre.xml
JPM,10-Q,2023,html,0000019617-23-000524,data\raw_reports\standard\US_JPM_2023_10-Q_0000019617-23-000524.html
JPM,10-Q,2023,xml,0000019617-23-000524_jpm-20230930_cal,data\raw_reports\standard\US_JPM_2023_10-Q_0000019617-23-000524_jpm-20230930_cal.xml
JPM,10-Q,2023,xml,0000019617-23-000524_jpm-20230930_def,data\raw_reports\standard\US_JPM_2023_10-Q_0000019617-23-000524_jpm-20230930_def.xml
JPM,10-Q,2023,xml,0000019617-23-000524_jpm-20230930_htm,data\raw_reports\standard\US_JPM_2023_10-Q_0000019617-23-000524_jpm-20230930_htm.xml
JPM,10-Q,2023,xml,0000019617-23-000524_jpm-20230930_lab,data\raw_reports\standard\US_JPM_2023_10-Q_0000019617-23-000524_jpm-20230930_lab.xml
JPM,10-Q,2023,xml,0000019617-23-000524_jpm-20230930_pre,data\raw_reports\standard\US_JPM_2023_10-Q_0000019617-23-000524_jpm-20230930_pre.xml
META,10-K,2025,html,0001326801-25-000017,data\raw_reports\standard\US_META_2025_10-K_0001326801-25-000017.html
META,10-K,2025,xml,0001326801-25-000017_meta-20241231_cal,data\raw_reports\standard\US_META_2025_10-K_0001326801-25-000017_meta-20241231_cal.xml
META,10-K,2025,xml,0001326801-25-000017_meta-20241231_def,data\raw_reports\standard\US_META_2025_10-K_0001326801-25-000017_meta-20241231_def.xml
META,10-K,2025,xml,0001326801-25-000017_meta-20241231_htm,data\raw_reports\standard\US_META_2025_10-K_0001326801-25-000017_meta-20241231_htm.xml
META,10-K,2025,xml,0001326801-25-000017_meta-20241231_lab,data\raw_reports\standard\US_META_2025_10-K_0001326801-25-000017_meta-20241231_lab.xml
META,10-K,2025,xml,0001326801-25-000017_meta-20241231_pre,data\raw_reports\standard\US_META_2025_10-K_0001326801-25-000017_meta-20241231_pre.xml
META,10-K,2024,html,0001326801-24-000012,data\raw_reports\standard\US_META_2024_10-K_0001326801-24-000012.html
META,10-K,2024,xml,0001326801-24-000012_meta-20231231_cal,data\raw_reports\standard\US_META_2024_10-K_0001326801-24-000012_meta-20231231_cal.xml
META,10-K,2024,xml,0001326801-24-000012_meta-20231231_def,data\raw_reports\standard\US_META_2024_10-K_0001326801-24-000012_meta-20231231_def.xml
META,10-K,2024,xml,0001326801-24-000012_meta-20231231_htm,data\raw_reports\standard\US_META_2024_10-K_0001326801-24-000012_meta-20231231_htm.xml
META,10-K,2024,xml,0001326801-24-000012_meta-20231231_lab,data\raw_reports\standard\US_META_2024_10-K_0001326801-24-000012_meta-20231231_lab.xml
META,10-K,2024,xml,0001326801-24-000012_meta-20231231_pre,data\raw_reports\standard\US_META_2024_10-K_0001326801-24-000012_meta-20231231_pre.xml
META,10-K,2023,html,0001326801-23-000013,data\raw_reports\standard\US_META_2023_10-K_0001326801-23-000013.html
META,10-K,2023,xml,0001326801-23-000013_meta-20221231_cal,data\raw_reports\standard\US_META_2023_10-K_0001326801-23-000013_meta-20221231_cal.xml
META,10-K,2023,xml,0001326801-23-000013_meta-20221231_def,data\raw_reports\standard\US_META_2023_10-K_0001326801-23-000013_meta-20221231_def.xml
META,10-K,2023,xml,0001326801-23-000013_meta-20221231_htm,data\raw_reports\standard\US_META_2023_10-K_0001326801-23-000013_meta-20221231_htm.xml
META,10-K,2023,xml,0001326801-23-000013_meta-20221231_lab,data\raw_reports\standard\US_META_2023_10-K_0001326801-23-000013_meta-20221231_lab.xml
META,10-K,2023,xml,0001326801-23-000013_meta-20221231_pre,data\raw_reports\standard\US_META_2023_10-K_0001326801-23-000013_meta-20221231_pre.xml
META,10-Q,2025,html,0001326801-25-000054,data\raw_reports\standard\US_META_2025_10-Q_0001326801-25-000054.html
META,10-Q,2025,xml,0001326801-25-000054_meta-20250331_cal,data\raw_reports\standard\US_META_2025_10-Q_0001326801-25-000054_meta-20250331_cal.xml
META,10-Q,2025,xml,0001326801-25-000054_meta-20250331_def,data\raw_reports\standard\US_META_2025_10-Q_0001326801-25-000054_meta-20250331_def.xml
META,10-Q,2025,xml,0001326801-25-000054_meta-20250331_htm,data\raw_reports\standard\US_META_2025_10-Q_0001326801-25-000054_meta-20250331_htm.xml
META,10-Q,2025,xml,0001326801-25-000054_meta-20250331_lab,data\raw_reports\standard\US_META_2025_10-Q_0001326801-25-000054_meta-20250331_lab.xml
META,10-Q,2025,xml,0001326801-25-000054_meta-20250331_pre,data\raw_reports\standard\US_META_2025_10-Q_0001326801-25-000054_meta-20250331_pre.xml
META,10-Q,2025,html,0001628280-25-036791,data\raw_reports\standard\US_META_2025_10-Q_0001628280-25-036791.html
META,10-Q,2025,xml,0001628280-25-036791_meta-20250630_cal,data\raw_reports\standard\US_META_2025_10-Q_0001628280-25-036791_meta-20250630_cal.xml
META,10-Q,2025,xml,0001628280-25-036791_meta-20250630_def,data\raw_reports\standard\US_META_2025_10-Q_0001628280-25-036791_meta-20250630_def.xml
META,10-Q,2025,xml,0001628280-25-036791_meta-20250630_htm,data\raw_reports\standard\US_META_2025_10-Q_0001628280-25-036791_meta-20250630_htm.xml
META,10-Q,2025,xml,0001628280-25-036791_meta-20250630_lab,data\raw_reports\standard\US_META_2025_10-Q_0001628280-25-036791_meta-20250630_lab.xml
META,10-Q,2025,xml,0001628280-25-036791_meta-20250630_pre,data\raw_reports\standard\US_META_2025_10-Q_0001628280-25-036791_meta-20250630_pre.xml
META,10-Q,2024,html,0001326801-24-000049,data\raw_reports\standard\US_META_2024_10-Q_0001326801-24-000049.html
META,10-Q,2024,xml,0001326801-24-000049_meta-20240331_cal,data\raw_reports\standard\US_META_2024_10-Q_0001326801-24-000049_meta-20240331_cal.xml
META,10-Q,2024,xml,0001326801-24-000049_meta-20240331_def,data\raw_reports\standard\US_META_2024_10-Q_0001326801-24-000049_meta-20240331_def.xml
META,10-Q,2024,xml,0001326801-24-000049_meta-20240331_htm,data\raw_reports\standard\US_META_2024_10-Q_0001326801-24-000049_meta-20240331_htm.xml
META,10-Q,2024,xml,0001326801-24-000049_meta-20240331_lab,data\raw_reports\standard\US_META_2024_10-Q_0001326801-24-000049_meta-20240331_lab.xml
META,10-Q,2024,xml,0001326801-24-000049_meta-20240331_pre,data\raw_reports\standard\US_META_2024_10-Q_0001326801-24-000049_meta-20240331_pre.xml
META,10-Q,2024,html,0001326801-24-000069,data\raw_reports\standard\US_META_2024_10-Q_0001326801-24-000069.html
META,10-Q,2024,xml,0001326801-24-000069_meta-20240630_cal,data\raw_reports\standard\US_META_2024_10-Q_0001326801-24-000069_meta-20240630_cal.xml
META,10-Q,2024,xml,0001326801-24-000069_meta-20240630_def,data\raw_reports\standard\US_META_2024_10-Q_0001326801-24-000069_meta-20240630_def.xml
META,10-Q,2024,xml,0001326801-24-000069_meta-20240630_htm,data\raw_reports\standard\US_META_2024_10-Q_0001326801-24-000069_meta-20240630_htm.xml
META,10-Q,2024,xml,0001326801-24-000069_meta-20240630_lab,data\raw_reports\standard\US_META_2024_10-Q_0001326801-24-000069_meta-20240630_lab.xml
META,10-Q,2024,xml,0001326801-24-000069_meta-20240630_pre,data\raw_reports\standard\US_META_2024_10-Q_0001326801-24-000069_meta-20240630_pre.xml
META,10-Q,2024,html,0001326801-24-000081,data\raw_reports\standard\US_META_2024_10-Q_0001326801-24-000081.html
META,10-Q,2024,xml,0001326801-24-000081_meta-20240930_cal,data\raw_reports\standard\US_META_2024_10-Q_0001326801-24-000081_meta-20240930_cal.xml
META,10-Q,2024,xml,0001326801-24-000081_meta-20240930_def,data\raw_reports\standard\US_META_2024_10-Q_0001326801-24-000081_meta-20240930_def.xml
META,10-Q,2024,xml,0001326801-24-000081_meta-20240930_htm,data\raw_reports\standard\US_META_2024_10-Q_0001326801-24-000081_meta-20240930_htm.xml
META,10-Q,2024,xml,0001326801-24-000081_meta-20240930_lab,data\raw_reports\standard\US_META_2024_10-Q_0001326801-24-000081_meta-20240930_lab.xml
META,10-Q,2024,xml,0001326801-24-000081_meta-20240930_pre,data\raw_reports\standard\US_META_2024_10-Q_0001326801-24-000081_meta-20240930_pre.xml
META,10-Q,2023,html,0001326801-23-000067,data\raw_reports\standard\US_META_2023_10-Q_0001326801-23-000067.html
META,10-Q,2023,xml,0001326801-23-000067_meta-20230331_cal,data\raw_reports\standard\US_META_2023_10-Q_0001326801-23-000067_meta-20230331_cal.xml
META,10-Q,2023,xml,0001326801-23-000067_meta-20230331_def,data\raw_reports\standard\US_META_2023_10-Q_0001326801-23-000067_meta-20230331_def.xml
META,10-Q,2023,xml,0001326801-23-000067_meta-20230331_htm,data\raw_reports\standard\US_META_2023_10-Q_0001326801-23-000067_meta-20230331_htm.xml
META,10-Q,2023,xml,0001326801-23-000067_meta-20230331_lab,data\raw_reports\standard\US_META_2023_10-Q_0001326801-23-000067_meta-20230331_lab.xml
META,10-Q,2023,xml,0001326801-23-000067_meta-20230331_pre,data\raw_reports\standard\US_META_2023_10-Q_0001326801-23-000067_meta-20230331_pre.xml
META,10-Q,2023,html,0001326801-23-000093,data\raw_reports\standard\US_META_2023_10-Q_0001326801-23-000093.html
META,10-Q,2023,xml,0001326801-23-000093_meta-20230630_cal,data\raw_reports\standard\US_META_2023_10-Q_0001326801-23-000093_meta-20230630_cal.xml
META,10-Q,2023,xml,0001326801-23-000093_meta-20230630_def,data\raw_reports\standard\US_META_2023_10-Q_0001326801-23-000093_meta-20230630_def.xml
META,10-Q,2023,xml,0001326801-23-000093_meta-20230630_htm,data\raw_reports\standard\US_META_2023_10-Q_0001326801-23-000093_meta-20230630_htm.xml
META,10-Q,2023,xml,0001326801-23-000093_meta-20230630_lab,data\raw_reports\standard\US_META_2023_10-Q_0001326801-23-000093_meta-20230630_lab.xml
META,10-Q,2023,xml,0001326801-23-000093_meta-20230630_pre,data\raw_reports\standard\US_META_2023_10-Q_0001326801-23-000093_meta-20230630_pre.xml
META,10-Q,2023,html,0001326801-23-000103,data\raw_reports\standard\US_META_2023_10-Q_0001326801-23-000103.html
META,10-Q,2023,xml,0001326801-23-000103_meta-20230930_cal,data\raw_reports\standard\US_META_2023_10-Q_0001326801-23-000103_meta-20230930_cal.xml
META,10-Q,2023,xml,0001326801-23-000103_meta-20230930_def,data\raw_reports\standard\US_META_2023_10-Q_0001326801-23-000103_meta-20230930_def.xml
META,10-Q,2023,xml,0001326801-23-000103_meta-20230930_htm,data\raw_reports\standard\US_META_2023_10-Q_0001326801-23-000103_meta-20230930_htm.xml
META,10-Q,2023,xml,0001326801-23-000103_meta-20230930_lab,data\raw_reports\standard\US_META_2023_10-Q_0001326801-23-000103_meta-20230930_lab.xml
META,10-Q,2023,xml,0001326801-23-000103_meta-20230930_pre,data\raw_reports\standard\US_META_2023_10-Q_0001326801-23-000103_meta-20230930_pre.xml
MSFT,10-K,2025,html,0000950170-25-100235,data\raw_reports\standard\US_MSFT_2025_10-K_0000950170-25-100235.html
MSFT,10-K,2025,xml,0000950170-25-100235_msft-20250630_htm,data\raw_reports\standard\US_MSFT_2025_10-K_0000950170-25-100235_msft-20250630_htm.xml
MSFT,10-K,2024,html,0000950170-24-087843,data\raw_reports\standard\US_MSFT_2024_10-K_0000950170-24-087843.html
MSFT,10-K,2024,xml,0000950170-24-087843_msft-20240630_htm,data\raw_reports\standard\US_MSFT_2024_10-K_0000950170-24-087843_msft-20240630_htm.xml
MSFT,10-K,2023,html,0000950170-23-035122,data\raw_reports\standard\US_MSFT_2023_10-K_0000950170-23-035122.html
MSFT,10-K,2023,xml,0000950170-23-035122_msft-20230630_cal,data\raw_reports\standard\US_MSFT_2023_10-K_0000950170-23-035122_msft-20230630_cal.xml
MSFT,10-K,2023,xml,0000950170-23-035122_msft-20230630_def,data\raw_reports\standard\US_MSFT_2023_10-K_0000950170-23-035122_msft-20230630_def.xml
MSFT,10-K,2023,xml,0000950170-23-035122_msft-20230630_htm,data\raw_reports\standard\US_MSFT_2023_10-K_0000950170-23-035122_msft-20230630_htm.xml
MSFT,10-K,2023,xml,0000950170-23-035122_msft-20230630_lab,data\raw_reports\standard\US_MSFT_2023_10-K_0000950170-23-035122_msft-20230630_lab.xml
MSFT,10-K,2023,xml,0000950170-23-035122_msft-20230630_pre,data\raw_reports\standard\US_MSFT_2023_10-K_0000950170-23-035122_msft-20230630_pre.xml
MSFT,10-Q,2025,html,0000950170-25-010491,data\raw_reports\standard\US_MSFT_2025_10-Q_0000950170-25-010491.html
MSFT,10-Q,2025,xml,0000950170-25-010491_msft-20241231_htm,data\raw_reports\standard\US_MSFT_2025_10-Q_0000950170-25-010491_msft-20241231_htm.xml
MSFT,10-Q,2025,html,0000950170-25-061046,data\raw_reports\standard\US_MSFT_2025_10-Q_0000950170-25-061046.html
MSFT,10-Q,2025,xml,0000950170-25-061046_msft-20250331_htm,data\raw_reports\standard\US_MSFT_2025_10-Q_0000950170-25-061046_msft-20250331_htm.xml
MSFT,10-Q,2024,html,0000950170-24-008814,data\raw_reports\standard\US_MSFT_2024_10-Q_0000950170-24-008814.html
MSFT,10-Q,2024,xml,0000950170-24-008814_msft-20231231_htm,data\raw_reports\standard\US_MSFT_2024_10-Q_0000950170-24-008814_msft-20231231_htm.xml
MSFT,10-Q,2024,html,0000950170-24-048288,data\raw_reports\standard\US_MSFT_2024_10-Q_0000950170-24-048288.html
MSFT,10-Q,2024,xml,0000950170-24-048288_msft-20240331_htm,data\raw_reports\standard\US_MSFT_2024_10-Q_0000950170-24-048288_msft-20240331_htm.xml
MSFT,10-Q,2024,html,0000950170-24-118967,data\raw_reports\standard\US_MSFT_2024_10-Q_0000950170-24-118967.html
MSFT,10-Q,2024,xml,0000950170-24-118967_msft-20240930_htm,data\raw_reports\standard\US_MSFT_2024_10-Q_0000950170-24-118967_msft-20240930_htm.xml
MSFT,10-Q,2023,html,0000950170-23-014423,data\raw_reports\standard\US_MSFT_2023_10-Q_0000950170-23-014423.html
MSFT,10-Q,2023,xml,0000950170-23-014423_msft-20230331_cal,data\raw_reports\standard\US_MSFT_2023_10-Q_0000950170-23-014423_msft-20230331_cal.xml
MSFT,10-Q,2023,xml,0000950170-23-014423_msft-20230331_def,data\raw_reports\standard\US_MSFT_2023_10-Q_0000950170-23-014423_msft-20230331_def.xml
MSFT,10-Q,2023,xml,0000950170-23-014423_msft-20230331_htm,data\raw_reports\standard\US_MSFT_2023_10-Q_0000950170-23-014423_msft-20230331_htm.xml
MSFT,10-Q,2023,xml,0000950170-23-014423_msft-20230331_lab,data\raw_reports\standard\US_MSFT_2023_10-Q_0000950170-23-014423_msft-20230331_lab.xml
MSFT,10-Q,2023,xml,0000950170-23-014423_msft-20230331_pre,data\raw_reports\standard\US_MSFT_2023_10-Q_0000950170-23-014423_msft-20230331_pre.xml
MSFT,10-Q,2023,html,0000950170-23-054855,data\raw_reports\standard\US_MSFT_2023_10-Q_0000950170-23-054855.html
MSFT,10-Q,2023,xml,0000950170-23-054855_msft-20230930_cal,data\raw_reports\standard\US_MSFT_2023_10-Q_0000950170-23-054855_msft-20230930_cal.xml
MSFT,10-Q,2023,xml,0000950170-23-054855_msft-20230930_def,data\raw_reports\standard\US_MSFT_2023_10-Q_0000950170-23-054855_msft-20230930_def.xml
MSFT,10-Q,2023,xml,0000950170-23-054855_msft-20230930_htm,data\raw_reports\standard\US_MSFT_2023_10-Q_0000950170-23-054855_msft-20230930_htm.xml
MSFT,10-Q,2023,xml,0000950170-23-054855_msft-20230930_lab,data\raw_reports\standard\US_MSFT_2023_10-Q_0000950170-23-054855_msft-20230930_lab.xml
MSFT,10-Q,2023,xml,0000950170-23-054855_msft-20230930_pre,data\raw_reports\standard\US_MSFT_2023_10-Q_0000950170-23-054855_msft-20230930_pre.xml
MSFT,10-Q,2023,html,0001564590-23-000733,data\raw_reports\standard\US_MSFT_2023_10-Q_0001564590-23-000733.html
MSFT,10-Q,2023,xml,0001564590-23-000733_msft-10q_20221231_htm,data\raw_reports\standard\US_MSFT_2023_10-Q_0001564590-23-000733_msft-10q_20221231_htm.xml
MSFT,10-Q,2023,xml,0001564590-23-000733_msft-20221231_cal,data\raw_reports\standard\US_MSFT_2023_10-Q_0001564590-23-000733_msft-20221231_cal.xml
MSFT,10-Q,2023,xml,0001564590-23-000733_msft-20221231_def,data\raw_reports\standard\US_MSFT_2023_10-Q_0001564590-23-000733_msft-20221231_def.xml
MSFT,10-Q,2023,xml,0001564590-23-000733_msft-20221231_lab,data\raw_reports\standard\US_MSFT_2023_10-Q_0001564590-23-000733_msft-20221231_lab.xml
MSFT,10-Q,2023,xml,0001564590-23-000733_msft-20221231_pre,data\raw_reports\standard\US_MSFT_2023_10-Q_0001564590-23-000733_msft-20221231_pre.xml
NVDA,10-K,2025,html,0001045810-25-000023,data\raw_reports\standard\US_NVDA_2025_10-K_0001045810-25-000023.html
NVDA,10-K,2025,xml,0001045810-25-000023_nvda-20250126_cal,data\raw_reports\standard\US_NVDA_2025_10-K_0001045810-25-000023_nvda-20250126_cal.xml
NVDA,10-K,2025,xml,0001045810-25-000023_nvda-20250126_def,data\raw_reports\standard\US_NVDA_2025_10-K_0001045810-25-000023_nvda-20250126_def.xml
NVDA,10-K,2025,xml,0001045810-25-000023_nvda-20250126_htm,data\raw_reports\standard\US_NVDA_2025_10-K_0001045810-25-000023_nvda-20250126_htm.xml
NVDA,10-K,2025,xml,0001045810-25-000023_nvda-20250126_lab,data\raw_reports\standard\US_NVDA_2025_10-K_0001045810-25-000023_nvda-20250126_lab.xml
NVDA,10-K,2025,xml,0001045810-25-000023_nvda-20250126_pre,data\raw_reports\standard\US_NVDA_2025_10-K_0001045810-25-000023_nvda-20250126_pre.xml
NVDA,10-K,2024,html,0001045810-24-000029,data\raw_reports\standard\US_NVDA_2024_10-K_0001045810-24-000029.html
NVDA,10-K,2024,xml,0001045810-24-000029_nvda-20240128_cal,data\raw_reports\standard\US_NVDA_2024_10-K_0001045810-24-000029_nvda-20240128_cal.xml
NVDA,10-K,2024,xml,0001045810-24-000029_nvda-20240128_def,data\raw_reports\standard\US_NVDA_2024_10-K_0001045810-24-000029_nvda-20240128_def.xml
NVDA,10-K,2024,xml,0001045810-24-000029_nvda-20240128_htm,data\raw_reports\standard\US_NVDA_2024_10-K_0001045810-24-000029_nvda-20240128_htm.xml
NVDA,10-K,2024,xml,0001045810-24-000029_nvda-20240128_lab,data\raw_reports\standard\US_NVDA_2024_10-K_0001045810-24-000029_nvda-20240128_lab.xml
NVDA,10-K,2024,xml,0001045810-24-000029_nvda-20240128_pre,data\raw_reports\standard\US_NVDA_2024_10-K_0001045810-24-000029_nvda-20240128_pre.xml
NVDA,10-K,2023,html,0001045810-23-000017,data\raw_reports\standard\US_NVDA_2023_10-K_0001045810-23-000017.html
NVDA,10-K,2023,xml,0001045810-23-000017_nvda-20230129_cal,data\raw_reports\standard\US_NVDA_2023_10-K_0001045810-23-000017_nvda-20230129_cal.xml
NVDA,10-K,2023,xml,0001045810-23-000017_nvda-20230129_def,data\raw_reports\standard\US_NVDA_2023_10-K_0001045810-23-000017_nvda-20230129_def.xml
NVDA,10-K,2023,xml,0001045810-23-000017_nvda-20230129_htm,data\raw_reports\standard\US_NVDA_2023_10-K_0001045810-23-000017_nvda-20230129_htm.xml
NVDA,10-K,2023,xml,0001045810-23-000017_nvda-20230129_lab,data\raw_reports\standard\US_NVDA_2023_10-K_0001045810-23-000017_nvda-20230129_lab.xml
NVDA,10-K,2023,xml,0001045810-23-000017_nvda-20230129_pre,data\raw_reports\standard\US_NVDA_2023_10-K_0001045810-23-000017_nvda-20230129_pre.xml
NVDA,10-Q,2025,html,0001045810-25-000116,data\raw_reports\standard\US_NVDA_2025_10-Q_0001045810-25-000116.html
NVDA,10-Q,2025,xml,0001045810-25-000116_nvda-20250427_cal,data\raw_reports\standard\US_NVDA_2025_10-Q_0001045810-25-000116_nvda-20250427_cal.xml
NVDA,10-Q,2025,xml,0001045810-25-000116_nvda-20250427_def,data\raw_reports\standard\US_NVDA_2025_10-Q_0001045810-25-000116_nvda-20250427_def.xml
NVDA,10-Q,2025,xml,0001045810-25-000116_nvda-20250427_htm,data\raw_reports\standard\US_NVDA_2025_10-Q_0001045810-25-000116_nvda-20250427_htm.xml
NVDA,10-Q,2025,xml,0001045810-25-000116_nvda-20250427_lab,data\raw_reports\standard\US_NVDA_2025_10-Q_0001045810-25-000116_nvda-20250427_lab.xml
NVDA,10-Q,2025,xml,0001045810-25-000116_nvda-20250427_pre,data\raw_reports\standard\US_NVDA_2025_10-Q_0001045810-25-000116_nvda-20250427_pre.xml
NVDA,10-Q,2025,html,0001045810-25-000209,data\raw_reports\standard\US_NVDA_2025_10-Q_0001045810-25-000209.html
NVDA,10-Q,2025,xml,0001045810-25-000209_nvda-20250727_cal,data\raw_reports\standard\US_NVDA_2025_10-Q_0001045810-25-000209_nvda-20250727_cal.xml
NVDA,10-Q,2025,xml,0001045810-25-000209_nvda-20250727_def,data\raw_reports\standard\US_NVDA_2025_10-Q_0001045810-25-000209_nvda-20250727_def.xml
NVDA,10-Q,2025,xml,0001045810-25-000209_nvda-20250727_htm,data\raw_reports\standard\US_NVDA_2025_10-Q_0001045810-25-000209_nvda-20250727_htm.xml
NVDA,10-Q,2025,xml,0001045810-25-000209_nvda-20250727_lab,data\raw_reports\standard\US_NVDA_2025_10-Q_0001045810-25-000209_nvda-20250727_lab.xml
NVDA,10-Q,2025,xml,0001045810-25-000209_nvda-20250727_pre,data\raw_reports\standard\US_NVDA_2025_10-Q_0001045810-25-000209_nvda-20250727_pre.xml
NVDA,10-Q,2024,html,0001045810-24-000124,data\raw_reports\standard\US_NVDA_2024_10-Q_0001045810-24-000124.html
NVDA,10-Q,2024,xml,0001045810-24-000124_nvda-20240428_cal,data\raw_reports\standard\US_NVDA_2024_10-Q_0001045810-24-000124_nvda-20240428_cal.xml
NVDA,10-Q,2024,xml,0001045810-24-000124_nvda-20240428_def,data\raw_reports\standard\US_NVDA_2024_10-Q_0001045810-24-000124_nvda-20240428_def.xml
NVDA,10-Q,2024,xml,0001045810-24-000124_nvda-20240428_htm,data\raw_reports\standard\US_NVDA_2024_10-Q_0001045810-24-000124_nvda-20240428_htm.xml
NVDA,10-Q,2024,xml,0001045810-24-000124_nvda-20240428_lab,data\raw_reports\standard\US_NVDA_2024_10-Q_0001045810-24-000124_nvda-20240428_lab.xml
NVDA,10-Q,2024,xml,0001045810-24-000124_nvda-20240428_pre,data\raw_reports\standard\US_NVDA_2024_10-Q_0001045810-24-000124_nvda-20240428_pre.xml
NVDA,10-Q,2024,html,0001045810-24-000264,data\raw_reports\standard\US_NVDA_2024_10-Q_0001045810-24-000264.html
NVDA,10-Q,2024,xml,0001045810-24-000264_nvda-20240728_cal,data\raw_reports\standard\US_NVDA_2024_10-Q_0001045810-24-000264_nvda-20240728_cal.xml
NVDA,10-Q,2024,xml,0001045810-24-000264_nvda-20240728_def,data\raw_reports\standard\US_NVDA_2024_10-Q_0001045810-24-000264_nvda-20240728_def.xml
NVDA,10-Q,2024,xml,0001045810-24-000264_nvda-20240728_htm,data\raw_reports\standard\US_NVDA_2024_10-Q_0001045810-24-000264_nvda-20240728_htm.xml
NVDA,10-Q,2024,xml,0001045810-24-000264_nvda-20240728_lab,data\raw_reports\standard\US_NVDA_2024_10-Q_0001045810-24-000264_nvda-20240728_lab.xml
NVDA,10-Q,2024,xml,0001045810-24-000264_nvda-20240728_pre,data\raw_reports\standard\US_NVDA_2024_10-Q_0001045810-24-000264_nvda-20240728_pre.xml
NVDA,10-Q,2024,html,0001045810-24-000316,data\raw_reports\standard\US_NVDA_2024_10-Q_0001045810-24-000316.html
NVDA,10-Q,2024,xml,0001045810-24-000316_nvda-20241027_cal,data\raw_reports\standard\US_NVDA_2024_10-Q_0001045810-24-000316_nvda-20241027_cal.xml
NVDA,10-Q,2024,xml,0001045810-24-000316_nvda-20241027_def,data\raw_reports\standard\US_NVDA_2024_10-Q_0001045810-24-000316_nvda-20241027_def.xml
NVDA,10-Q,2024,xml,0001045810-24-000316_nvda-20241027_htm,data\raw_reports\standard\US_NVDA_2024_10-Q_0001045810-24-000316_nvda-20241027_htm.xml
NVDA,10-Q,2024,xml,0001045810-24-000316_nvda-20241027_lab,data\raw_reports\standard\US_NVDA_2024_10-Q_0001045810-24-000316_nvda-20241027_lab.xml
NVDA,10-Q,2024,xml,0001045810-24-000316_nvda-20241027_pre,data\raw_reports\standard\US_NVDA_2024_10-Q_0001045810-24-000316_nvda-20241027_pre.xml
NVDA,10-Q,2023,html,0001045810-23-000093,data\raw_reports\standard\US_NVDA_2023_10-Q_0001045810-23-000093.html
NVDA,10-Q,2023,xml,0001045810-23-000093_nvda-20230430_cal,data\raw_reports\standard\US_NVDA_2023_10-Q_0001045810-23-000093_nvda-20230430_cal.xml
NVDA,10-Q,2023,xml,0001045810-23-000093_nvda-20230430_def,data\raw_reports\standard\US_NVDA_2023_10-Q_0001045810-23-000093_nvda-20230430_def.xml
NVDA,10-Q,2023,xml,0001045810-23-000093_nvda-20230430_htm,data\raw_reports\standard\US_NVDA_2023_10-Q_0001045810-23-000093_nvda-20230430_htm.xml
NVDA,10-Q,2023,xml,0001045810-23-000093_nvda-20230430_lab,data\raw_reports\standard\US_NVDA_2023_10-Q_0001045810-23-000093_nvda-20230430_lab.xml
NVDA,10-Q,2023,xml,0001045810-23-000093_nvda-20230430_pre,data\raw_reports\standard\US_NVDA_2023_10-Q_0001045810-23-000093_nvda-20230430_pre.xml
NVDA,10-Q,2023,html,0001045810-23-000175,data\raw_reports\standard\US_NVDA_2023_10-Q_0001045810-23-000175.html
NVDA,10-Q,2023,xml,0001045810-23-000175_nvda-20230730_cal,data\raw_reports\standard\US_NVDA_2023_10-Q_0001045810-23-000175_nvda-20230730_cal.xml
NVDA,10-Q,2023,xml,0001045810-23-000175_nvda-20230730_def,data\raw_reports\standard\US_NVDA_2023_10-Q_0001045810-23-000175_nvda-20230730_def.xml
NVDA,10-Q,2023,xml,0001045810-23-000175_nvda-20230730_htm,data\raw_reports\standard\US_NVDA_2023_10-Q_0001045810-23-000175_nvda-20230730_htm.xml
NVDA,10-Q,2023,xml,0001045810-23-000175_nvda-20230730_lab,data\raw_reports\standard\US_NVDA_2023_10-Q_0001045810-23-000175_nvda-20230730_lab.xml
NVDA,10-Q,2023,xml,0001045810-23-000175_nvda-20230730_pre,data\raw_reports\standard\US_NVDA_2023_10-Q_0001045810-23-000175_nvda-20230730_pre.xml
NVDA,10-Q,2023,html,0001045810-23-000227,data\raw_reports\standard\US_NVDA_2023_10-Q_0001045810-23-000227.html
NVDA,10-Q,2023,xml,0001045810-23-000227_nvda-20231029_cal,data\raw_reports\standard\US_NVDA_2023_10-Q_0001045810-23-000227_nvda-20231029_cal.xml
NVDA,10-Q,2023,xml,0001045810-23-000227_nvda-20231029_def,data\raw_reports\standard\US_NVDA_2023_10-Q_0001045810-23-000227_nvda-20231029_def.xml
NVDA,10-Q,2023,xml,0001045810-23-000227_nvda-20231029_htm,data\raw_reports\standard\US_NVDA_2023_10-Q_0001045810-23-000227_nvda-20231029_htm.xml
NVDA,10-Q,2023,xml,0001045810-23-000227_nvda-20231029_lab,data\raw_reports\standard\US_NVDA_2023_10-Q_0001045810-23-000227_nvda-20231029_lab.xml
NVDA,10-Q,2023,xml,0001045810-23-000227_nvda-20231029_pre,data\raw_reports\standard\US_NVDA_2023_10-Q_0001045810-23-000227_nvda-20231029_pre.xml
TSLA,10-K,2025,html,0001628280-25-003063,data\raw_reports\standard\US_TSLA_2025_10-K_0001628280-25-003063.html
TSLA,10-K,2025,xml,0001628280-25-003063_tsla-20241231_cal,data\raw_reports\standard\US_TSLA_2025_10-K_0001628280-25-003063_tsla-20241231_cal.xml
TSLA,10-K,2025,xml,0001628280-25-003063_tsla-20241231_def,data\raw_reports\standard\US_TSLA_2025_10-K_0001628280-25-003063_tsla-20241231_def.xml
TSLA,10-K,2025,xml,0001628280-25-003063_tsla-20241231_htm,data\raw_reports\standard\US_TSLA_2025_10-K_0001628280-25-003063_tsla-20241231_htm.xml
TSLA,10-K,2025,xml,0001628280-25-003063_tsla-20241231_lab,data\raw_reports\standard\US_TSLA_2025_10-K_0001628280-25-003063_tsla-20241231_lab.xml
TSLA,10-K,2025,xml,0001628280-25-003063_tsla-20241231_pre,data\raw_reports\standard\US_TSLA_2025_10-K_0001628280-25-003063_tsla-20241231_pre.xml
TSLA,10-K,2024,html,0001628280-24-002390,data\raw_reports\standard\US_TSLA_2024_10-K_0001628280-24-002390.html
TSLA,10-K,2024,xml,0001628280-24-002390_tsla-20231231_cal,data\raw_reports\standard\US_TSLA_2024_10-K_0001628280-24-002390_tsla-20231231_cal.xml
TSLA,10-K,2024,xml,0001628280-24-002390_tsla-20231231_def,data\raw_reports\standard\US_TSLA_2024_10-K_0001628280-24-002390_tsla-20231231_def.xml
TSLA,10-K,2024,xml,0001628280-24-002390_tsla-20231231_htm,data\raw_reports\standard\US_TSLA_2024_10-K_0001628280-24-002390_tsla-20231231_htm.xml
TSLA,10-K,2024,xml,0001628280-24-002390_tsla-20231231_lab,data\raw_reports\standard\US_TSLA_2024_10-K_0001628280-24-002390_tsla-20231231_lab.xml
TSLA,10-K,2024,xml,0001628280-24-002390_tsla-20231231_pre,data\raw_reports\standard\US_TSLA_2024_10-K_0001628280-24-002390_tsla-20231231_pre.xml
TSLA,10-K,2023,html,0000950170-23-001409,data\raw_reports\standard\US_TSLA_2023_10-K_0000950170-23-001409.html
TSLA,10-K,2023,xml,0000950170-23-001409_tsla-20221231_cal,data\raw_reports\standard\US_TSLA_2023_10-K_0000950170-23-001409_tsla-20221231_cal.xml
TSLA,10-K,2023,xml,0000950170-23-001409_tsla-20221231_def,data\raw_reports\standard\US_TSLA_2023_10-K_0000950170-23-001409_tsla-20221231_def.xml
TSLA,10-K,2023,xml,0000950170-23-001409_tsla-20221231_htm,data\raw_reports\standard\US_TSLA_2023_10-K_0000950170-23-001409_tsla-20221231_htm.xml
TSLA,10-K,2023,xml,0000950170-23-001409_tsla-20221231_lab,data\raw_reports\standard\US_TSLA_2023_10-K_0000950170-23-001409_tsla-20221231_lab.xml
TSLA,10-K,2023,xml,0000950170-23-001409_tsla-20221231_pre,data\raw_reports\standard\US_TSLA_2023_10-K_0000950170-23-001409_tsla-20221231_pre.xml
TSLA,10-Q,2025,html,0001628280-25-018911,data\raw_reports\standard\US_TSLA_2025_10-Q_0001628280-25-018911.html
TSLA,10-Q,2025,xml,0001628280-25-018911_tsla-20250331_cal,data\raw_reports\standard\US_TSLA_2025_10-Q_0001628280-25-018911_tsla-20250331_cal.xml
TSLA,10-Q,2025,xml,0001628280-25-018911_tsla-20250331_def,data\raw_reports\standard\US_TSLA_2025_10-Q_0001628280-25-018911_tsla-20250331_def.xml
TSLA,10-Q,2025,xml,0001628280-25-018911_tsla-20250331_htm,data\raw_reports\standard\US_TSLA_2025_10-Q_0001628280-25-018911_tsla-20250331_htm.xml
TSLA,10-Q,2025,xml,0001628280-25-018911_tsla-20250331_lab,data\raw_reports\standard\US_TSLA_2025_10-Q_0001628280-25-018911_tsla-20250331_lab.xml
TSLA,10-Q,2025,xml,0001628280-25-018911_tsla-20250331_pre,data\raw_reports\standard\US_TSLA_2025_10-Q_0001628280-25-018911_tsla-20250331_pre.xml
TSLA,10-Q,2025,html,0001628280-25-035806,data\raw_reports\standard\US_TSLA_2025_10-Q_0001628280-25-035806.html
TSLA,10-Q,2025,xml,0001628280-25-035806_tsla-20250630_cal,data\raw_reports\standard\US_TSLA_2025_10-Q_0001628280-25-035806_tsla-20250630_cal.xml
TSLA,10-Q,2025,xml,0001628280-25-035806_tsla-20250630_def,data\raw_reports\standard\US_TSLA_2025_10-Q_0001628280-25-035806_tsla-20250630_def.xml
TSLA,10-Q,2025,xml,0001628280-25-035806_tsla-20250630_htm,data\raw_reports\standard\US_TSLA_2025_10-Q_0001628280-25-035806_tsla-20250630_htm.xml
TSLA,10-Q,2025,xml,0001628280-25-035806_tsla-20250630_lab,data\raw_reports\standard\US_TSLA_2025_10-Q_0001628280-25-035806_tsla-20250630_lab.xml
TSLA,10-Q,2025,xml,0001628280-25-035806_tsla-20250630_pre,data\raw_reports\standard\US_TSLA_2025_10-Q_0001628280-25-035806_tsla-20250630_pre.xml
TSLA,10-Q,2024,html,0001628280-24-017503,data\raw_reports\standard\US_TSLA_2024_10-Q_0001628280-24-017503.html
TSLA,10-Q,2024,xml,0001628280-24-017503_tsla-20240331_cal,data\raw_reports\standard\US_TSLA_2024_10-Q_0001628280-24-017503_tsla-20240331_cal.xml
TSLA,10-Q,2024,xml,0001628280-24-017503_tsla-20240331_def,data\raw_reports\standard\US_TSLA_2024_10-Q_0001628280-24-017503_tsla-20240331_def.xml
TSLA,10-Q,2024,xml,0001628280-24-017503_tsla-20240331_htm,data\raw_reports\standard\US_TSLA_2024_10-Q_0001628280-24-017503_tsla-20240331_htm.xml
TSLA,10-Q,2024,xml,0001628280-24-017503_tsla-20240331_lab,data\raw_reports\standard\US_TSLA_2024_10-Q_0001628280-24-017503_tsla-20240331_lab.xml
TSLA,10-Q,2024,xml,0001628280-24-017503_tsla-20240331_pre,data\raw_reports\standard\US_TSLA_2024_10-Q_0001628280-24-017503_tsla-20240331_pre.xml
TSLA,10-Q,2024,html,0001628280-24-032662,data\raw_reports\standard\US_TSLA_2024_10-Q_0001628280-24-032662.html
TSLA,10-Q,2024,xml,0001628280-24-032662_tsla-20240630_cal,data\raw_reports\standard\US_TSLA_2024_10-Q_0001628280-24-032662_tsla-20240630_cal.xml
TSLA,10-Q,2024,xml,0001628280-24-032662_tsla-20240630_def,data\raw_reports\standard\US_TSLA_2024_10-Q_0001628280-24-032662_tsla-20240630_def.xml
TSLA,10-Q,2024,xml,0001628280-24-032662_tsla-20240630_htm,data\raw_reports\standard\US_TSLA_2024_10-Q_0001628280-24-032662_tsla-20240630_htm.xml
TSLA,10-Q,2024,xml,0001628280-24-032662_tsla-20240630_lab,data\raw_reports\standard\US_TSLA_2024_10-Q_0001628280-24-032662_tsla-20240630_lab.xml
TSLA,10-Q,2024,xml,0001628280-24-032662_tsla-20240630_pre,data\raw_reports\standard\US_TSLA_2024_10-Q_0001628280-24-032662_tsla-20240630_pre.xml
TSLA,10-Q,2024,html,0001628280-24-043486,data\raw_reports\standard\US_TSLA_2024_10-Q_0001628280-24-043486.html
TSLA,10-Q,2024,xml,0001628280-24-043486_tsla-20240930_cal,data\raw_reports\standard\US_TSLA_2024_10-Q_0001628280-24-043486_tsla-20240930_cal.xml
TSLA,10-Q,2024,xml,0001628280-24-043486_tsla-20240930_def,data\raw_reports\standard\US_TSLA_2024_10-Q_0001628280-24-043486_tsla-20240930_def.xml
TSLA,10-Q,2024,xml,0001628280-24-043486_tsla-20240930_htm,data\raw_reports\standard\US_TSLA_2024_10-Q_0001628280-24-043486_tsla-20240930_htm.xml
TSLA,10-Q,2024,xml,0001628280-24-043486_tsla-20240930_lab,data\raw_reports\standard\US_TSLA_2024_10-Q_0001628280-24-043486_tsla-20240930_lab.xml
TSLA,10-Q,2024,xml,0001628280-24-043486_tsla-20240930_pre,data\raw_reports\standard\US_TSLA_2024_10-Q_0001628280-24-043486_tsla-20240930_pre.xml
TSLA,10-Q,2023,html,0000950170-23-013890,data\raw_reports\standard\US_TSLA_2023_10-Q_0000950170-23-013890.html
TSLA,10-Q,2023,xml,0000950170-23-013890_tsla-20230331_cal,data\raw_reports\standard\US_TSLA_2023_10-Q_0000950170-23-013890_tsla-20230331_cal.xml
TSLA,10-Q,2023,xml,0000950170-23-013890_tsla-20230331_def,data\raw_reports\standard\US_TSLA_2023_10-Q_0000950170-23-013890_tsla-20230331_def.xml
TSLA,10-Q,2023,xml,0000950170-23-013890_tsla-20230331_htm,data\raw_reports\standard\US_TSLA_2023_10-Q_0000950170-23-013890_tsla-20230331_htm.xml
TSLA,10-Q,2023,xml,0000950170-23-013890_tsla-20230331_lab,data\raw_reports\standard\US_TSLA_2023_10-Q_0000950170-23-013890_tsla-20230331_lab.xml
TSLA,10-Q,2023,xml,0000950170-23-013890_tsla-20230331_pre,data\raw_reports\standard\US_TSLA_2023_10-Q_0000950170-23-013890_tsla-20230331_pre.xml
TSLA,10-Q,2023,html,0000950170-23-033872,data\raw_reports\standard\US_TSLA_2023_10-Q_0000950170-23-033872.html
TSLA,10-Q,2023,xml,0000950170-23-033872_tsla-20230630_cal,data\raw_reports\standard\US_TSLA_2023_10-Q_0000950170-23-033872_tsla-20230630_cal.xml
TSLA,10-Q,2023,xml,0000950170-23-033872_tsla-20230630_def,data\raw_reports\standard\US_TSLA_2023_10-Q_0000950170-23-033872_tsla-20230630_def.xml
TSLA,10-Q,2023,xml,0000950170-23-033872_tsla-20230630_htm,data\raw_reports\standard\US_TSLA_2023_10-Q_0000950170-23-033872_tsla-20230630_htm.xml
TSLA,10-Q,2023,xml,0000950170-23-033872_tsla-20230630_lab,data\raw_reports\standard\US_TSLA_2023_10-Q_0000950170-23-033872_tsla-20230630_lab.xml
TSLA,10-Q,2023,xml,0000950170-23-033872_tsla-20230630_pre,data\raw_reports\standard\US_TSLA_2023_10-Q_0000950170-23-033872_tsla-20230630_pre.xml
TSLA,10-Q,2023,html,0001628280-23-034847,data\raw_reports\standard\US_TSLA_2023_10-Q_0001628280-23-034847.html
TSLA,10-Q,2023,xml,0001628280-23-034847_tsla-20230930_cal,data\raw_reports\standard\US_TSLA_2023_10-Q_0001628280-23-034847_tsla-20230930_cal.xml
TSLA,10-Q,2023,xml,0001628280-23-034847_tsla-20230930_def,data\raw_reports\standard\US_TSLA_2023_10-Q_0001628280-23-034847_tsla-20230930_def.xml
TSLA,10-Q,2023,xml,0001628280-23-034847_tsla-20230930_htm,data\raw_reports\standard\US_TSLA_2023_10-Q_0001628280-23-034847_tsla-20230930_htm.xml
TSLA,10-Q,2023,xml,0001628280-23-034847_tsla-20230930_lab,data\raw_reports\standard\US_TSLA_2023_10-Q_0001628280-23-034847_tsla-20230930_lab.xml
TSLA,10-Q,2023,xml,0001628280-23-034847_tsla-20230930_pre,data\raw_reports\standard\US_TSLA_2023_10-Q_0001628280-23-034847_tsla-20230930_pre.xml
